business_id,name,city,state,stars,review_count,categories
6_Zf2QsRHCH1RhbzA9inyw,Starbucks,Tampa,FL,3.0,56,"Coffee & Tea, Food"
Iipfa9Kaac9XH5Vo8GQwvg,Starbucks,Edmonton,AB,3.5,10,"Coffee & Tea, Food"
oY6osC4Ch3PvguA7D1hh_w,Starbucks,Cinnaminson,NJ,4.5,7,"Coffee & Tea, Food"
pxuMxh5oC7W-PDN9wwvozg,Starbucks,Reno,NV,3.0,44,"Coffee & Tea, Food"
lo2VbA7Lwzu3i23pQpmzlw,Starbucks,Gloucester Township,NJ,3.0,15,"Food, Coffee & Tea"
vMD5bn1mbL18spr7Mmzlyg,Starbucks,Marrero,LA,2.5,50,"Food, Coffee & Tea"
cUYw6i8MF_2WEdd2d8t9yg,Starbucks,Doylestown,PA,2.5,31,"Food, Coffee & Tea"
x1zvE33a3y4lSKnbCsaAUA,Starbucks,Cherry Hill,NJ,3.5,25,"Restaurants, Coffee & Tea, Food"
LCS2sJH5S2kFquIL_FIqAg,Starbucks,Sewell,NJ,3.5,31,"Food, Coffee & Tea"
sD2yBIzp0SNYRMD4QfH9Jw,Starbucks,Philadelphia,PA,2.5,13,"Food, Coffee & Tea"
J7TZeIXaJFgrSIZzAjQMsw,Starbucks,Tucson,AZ,3.5,6,"Coffee & Tea, Food"
OTBWyXkNsBYHqIlXJXnEDA,Starbucks,Philadelphia,PA,3.0,39,"Food, Coffee & Tea"
1NJTnfFfLYnt8-p3iUoGOg,Starbucks,Edmonton,AB,4.0,5,"Bakeries, Coffee & Tea, Food"
IzKWd5VmKcwlxK9GWBuohA,Starbucks,Brownsburg,IN,4.0,8,"Food, Coffee & Tea"
xsbUN2133MlOmQlAqRPVtA,Starbucks,Penns Grove,NJ,2.5,28,"Food, Coffee & Tea"
pt0SLWdKuqrv7KRMgpOhLw,Starbucks,Haddonfield,NJ,3.5,38,"Food, Sandwiches, Coffee & Tea, Restaurants"
hNH1ILskk1qu7TA0rBvvlw,Starbucks,Indianapolis,IN,2.5,50,"Food, Coffee & Tea"
buhO8vRCaEoNvlxU0AJRpQ,Starbucks,Tampa,FL,2.5,28,"Food, Coffee & Tea, Restaurants"
InI2O9i59galnR563-A9oA,Starbucks,Palm Harbor,FL,4.0,19,"Food, Coffee & Tea, Restaurants"
ocvQV-47kkkG19z8tmedpw,Starbucks,Mt. Juliet,TN,2.5,28,"Food, Coffee & Tea"
MjZQqZAmJeMco_Vq-Y9h-g,Starbucks,Carmel,IN,3.0,33,"Food, Coffee & Tea"
Gtn4_eWhhkjCVI613L2ZqQ,Starbucks,Edmonton,AB,3.0,9,"Coffee & Tea, Food"
u7MJKcNdZXYyTeb67vD5jw,Starbucks,Mount Laurel,NJ,1.5,17,"Food, Coffee & Tea"
E-L64r-ZKFrctVILn4w6tg,Starbucks,Port Richey,FL,3.5,6,"Coffee & Tea, Food"
urqTD_JA6CphlyU0I-AyKg,Starbucks,Nashville,TN,2.0,32,"Food, Coffee & Tea"
KiE0h68HGOO7ZXAqkMBdiw,Starbucks,Santa Barbara,CA,2.5,35,"Food, Coffee & Tea"
SETJPjryrcYvo2ezLm0WaA,Starbucks,Tampa,FL,2.5,18,"Food, Coffee & Tea"
BtXwqcJq0xS607Hsq5Wq1A,Starbucks,Newark,DE,2.0,5,"Coffee & Tea, Food"
I3xJD0fXyiokQtb_6sn0fQ,Starbucks,Wayne,PA,3.5,17,"Food, Restaurants, Coffee & Tea"
oT5Bidkfa7cGOp1806ryXQ,Starbucks,Indianapolis,IN,3.5,28,"Cafes, Restaurants, Food, Coffee & Tea"
BauybYsfqd0y6KDrJ6ZxjQ,Starbucks,Tucson,AZ,3.5,67,"Coffee & Tea, Food"
aJvxWyQIG5OLfBw3qAe8xA,Starbucks,Nashville,TN,3.0,65,"Restaurants, Coffee & Tea, Food"
6yw6rcys6FuMnbatD0lEcA,Starbucks,Ferguson,MO,4.0,15,"Food, Coffee & Tea, Bakeries"
toyrKJg9cZgssxGfQ_kRgA,Starbucks,Broomall,PA,3.0,28,"Coffee & Tea, Food"
RsJE0PIwTgKSB6CHmutjAw,Starbucks,Edmonton,AB,3.5,12,"Food, Coffee & Tea"
LjXS6sgzY6-kX2WKPykx_A,Starbucks,New Orleans,LA,3.0,36,"Food, Coffee & Tea"
0s8M7TmzxKfAibuBmm2uYw,Starbucks,Franklin,TN,3.0,53,"Bakeries, Food, Coffee & Tea"
KPnJ3hdHljTWbsq_mx5oZQ,Starbucks,Edmonton,AB,2.5,11,"Cafes, Food, Coffee & Tea, Restaurants"
agzEfydzvZWlbzpcMxLPBg,Starbucks,Reno,NV,3.0,41,"Restaurants, Coffee & Tea, Food"
jwkgVfSLydNMAF2US6bL1g,Starbucks,Doylestown,PA,2.5,24,"Food, Coffee & Tea"
GphUtL7kAHxd1CXxntt-Jw,Starbucks,Bordentown,NJ,3.0,43,"Coffee & Tea, Food"
mBcvp7NarEQEviJyRiX23Q,Starbucks,Philadelphia,PA,3.5,63,"Coffee & Tea, Food"
ype7l-G4zuw3pmIG-HpvZA,Starbucks,Edmonton,AB,4.0,34,"Coffee & Tea, Food"
5RvGRnsQGVqh0FM6ij3GiA,Starbucks,Indianapolis,IN,3.0,30,"Food, Coffee & Tea"
GQvMNxdE4uCIie4D53tE-Q,Starbucks,Palm Harbor,FL,3.5,7,"Coffee & Tea, Food"
PfmbhnCC7nrcvD6QBMEDhQ,Starbucks,Tampa,FL,3.5,48,"Coffee & Tea, Food"
saJFbz12EnzanelpD8_xXQ,Starbucks,Riverview,FL,2.5,95,"Food, Coffee & Tea"
kgzgHWoGBznqRODFLy9FaQ,Starbucks,Boise,ID,4.0,10,"Food, Coffee & Tea"
XBFPFjjCYZhd2zmZLqRdEw,Starbucks,Tampa,FL,3.5,21,"Food, Coffee & Tea"
AEgaEEWNGuXWBHUkf_fN3A,Starbucks,Philadelphia,PA,3.5,38,"Food, Coffee & Tea"
YdMKdHOPbNgzxrC7xFwL1Q,Starbucks,Bellevue,TN,3.0,20,"Food, Coffee & Tea"
B8Uwm_12OajiujN_5AvrrQ,Starbucks,Goodlettsville,TN,4.5,11,"Food, Coffee & Tea"
yqnxbt0GBPZ5IDACqqMkBg,Starbucks,Oro Valley,AZ,3.0,5,"Coffee & Tea, Food"
RCy4M2ND4YK0uRbodV_v8g,Starbucks,New Orleans,LA,3.0,73,"Coffee & Tea, Food"
Mq9gCgsWS6-_1HMUH7iiXw,Starbucks,Edmonton,AB,4.0,16,"Coffee & Tea, Food"
Vgkz-0jEkYig7_WPTiTgyw,Starbucks,Crestwood,MO,4.0,28,"Food, Coffee & Tea"
CLnCVeYvwVVn8B9FDrC5aA,Starbucks,Fishers,IN,3.5,9,"Food, Coffee & Tea"
RmEuAg_sbAI7DD3BurvO8Q,Starbucks,Upper Southampton Township,PA,4.0,20,"Food, Coffee & Tea"
63vCK62HJXpGi8aG0wr58w,Starbucks,Nashville,TN,3.0,28,"Coffee & Tea, Food"
bKy4goWSRKsEYkQ7NGSu3g,Starbucks,Indianapolis,IN,4.0,11,"Coffee & Tea, Food"
XoS-hu_i2Dr8VxzeMxLwVA,Starbucks,Tucson,AZ,3.0,74,"Coffee & Tea, Food"
R_3EhO4r3kMSw_W9DpbYaA,Starbucks,Edmonton,AB,4.0,11,"Food, Coffee & Tea"
48hwr-F1xEFfHdTD1ueE2A,Starbucks,Philadelphia,PA,3.5,29,"Coffee & Tea, Food"
-vSkeoIujNpKhITwvcYVLw,Starbucks,Indianapolis,IN,4.5,10,"Restaurants, Cafes, Coffee & Tea, Food"
Xj2Lym4T6NXYGfmZmZDFFw,Starbucks,Exton,PA,3.0,18,"Food, Coffee & Tea"
INi3exwj3hUpWFoyEl_OGA,Starbucks,Broomall,PA,2.5,13,"Restaurants, Coffee & Tea, Food"
_5k9hs8ae9S9Dj46EZrSAg,Starbucks,Brandon,FL,2.5,98,"Coffee & Tea, Food"
ExfSwwCB1zQ6ZGd_UQ4wYQ,Starbucks,Philadelphia,PA,3.5,52,"Food, Coffee & Tea"
_tgh9i0r9WPHakd_8PSTNA,Starbucks,Cherry Hill,NJ,3.5,20,"Food, Coffee & Tea"
4T8dsk4lvfpdHSrWuRAKdA,Starbucks,Edmonton,AB,2.5,7,"Food, Coffee & Tea"
Zlb0FD8BRAwLFIngXe0saQ,Starbucks,Greenwood,IN,3.0,32,"Food, Coffee & Tea"
zKbpzL0w2vAE68MuyekDAw,Starbucks,Maple Shade,NJ,4.0,7,"Food, Coffee & Tea"
0D1UBNxkT17qejQjjlZurQ,Starbucks,Indianapolis,IN,4.0,15,"Cafes, Breakfast & Brunch, Coffee & Tea, Food, Restaurants"
DGefID2EzDJl4g_DCMbnYQ,Starbucks,Metairie,LA,3.5,30,"Coffee & Tea, Food"
mHqsNKj3UPMcQwGu-akL-Q,Starbucks,Reno,NV,3.0,64,"Food, Coffee & Tea"
AIeyR4FxIx1FkWY6BwJHhA,Starbucks,Tucson,AZ,2.5,30,"Coffee & Tea, Food"
Ka-js9Fn1yRGcyy3VBDPDg,Starbucks,Indianapolis,IN,3.5,29,"Food, Restaurants, Coffee & Tea"
kW3e50BWFl5QxxP0GEYPNg,Starbucks,Meridian,ID,3.0,5,"Coffee & Tea, Food"
E5QDrZPan50Rd7jWcaFyfg,Starbucks,Newtown,PA,4.0,5,"Coffee & Tea, Food"
YH5KqmYkkrJrPP7kcJjKfg,Starbucks,Edmonton,AB,2.5,9,"Food, Coffee & Tea"
0xmV6WSKyq0SFUa_uZKocw,Starbucks,Philadelphia,PA,3.5,5,"Food, Coffee & Tea"
L8RfVsIAvNPCKlp5fJkoHA,Starbucks,Edmonton,AB,3.5,8,"Coffee & Tea, Food"
g9pWS5r05_fttDfV_hAI0w,Starbucks,Hermitage,TN,3.0,25,"Food, Coffee & Tea"
fGa6oaUxdxqs0JPnwUxn6Q,Starbucks,Edmonton,AB,4.0,8,"Food, Coffee & Tea"
VvfvtuVehnBOn6AeQvovZg,Starbucks,Plant City,FL,2.5,116,"Food, Coffee & Tea"
PrF1qZ9L9gQJKZkruB1dCg,Starbucks,Collinsville,IL,3.5,45,"Coffee & Tea, Food"
HOUmGe9ij2LS4Vnzqi_Asg,Starbucks,Bridgeton,MO,2.0,7,"Coffee & Tea, Food"
262dmM9ixxYp5K5UdmuaCw,Starbucks,St. Petersburg,FL,3.5,50,"Coffee & Tea, Food"
cHPeulZjtuyuEJHihAYQ7g,Starbucks,Nashville,TN,3.5,25,"Food, Coffee & Tea"
zjsZ6DROAotlcuWR7MQYzg,Starbucks,Edmonton,AB,2.5,6,"Coffee & Tea, Food"
RrrgvkKwwq9FHayFKwOI3Q,Starbucks,Edmonton,AB,3.5,5,"Coffee & Tea, Food"
WrV6iYQyaaOsfwk6fiDDXQ,Starbucks,Pinellas Park,FL,4.0,19,"Coffee & Tea, Food"
JngvCO_EWSG5r3Mcy_5_9A,Starbucks,University City,MO,3.0,24,"Restaurants, Food, Coffee & Tea"
OD7QQo4wNpmIb10L8gZKDw,Starbucks,St. Petersburg,FL,4.0,57,"Restaurants, Coffee & Tea, Food"
XZfgiMT8fZtGN1KkecoSrw,Starbucks,St. Petersburg,FL,4.0,22,"Food, Coffee & Tea"
ZFSt9QDyAgz5qKRfxCZWAg,Starbucks,Plymouth Meeting,PA,3.0,40,"Food, Coffee & Tea"
xNlIIm07eJ3jdsXF2KW2nA,Starbucks - Indianapolis,Indianapolis,IN,4.0,42,"Restaurants, Coffee & Tea, Food"
iFunuVzrg10UesZvMPCHHg,Starbucks,University City,MO,3.0,39,"Coffee & Tea, Food"
3F777YJJYthdPNrB-7MUNQ,Starbucks,Tucson,AZ,3.0,75,"Restaurants, Fast Food, Food, Coffee & Tea"
eaTElJi7NcuqPTYC0qWCpA,Starbucks,Tucson,AZ,3.0,47,"Food, Coffee & Tea"
2sGHOKjHl5S0iqRDTmNgMQ,Starbucks,Fishers,IN,3.0,32,"Food, Restaurants, Coffee & Tea"
66Eb7k-oL3m3GGhyQRuFTQ,Starbucks,Philadelphia,PA,1.5,6,"Food, Coffee & Tea"
T6OtDhpyfyI_ZCK5zE8UuA,Starbucks,New Orleans,LA,2.5,40,"Food, Coffee & Tea, Restaurants"
N4xmF_96VDb2bRPpBu_O9w,Starbucks,Indianapolis,IN,3.5,60,"Food, Coffee & Tea"
_63cmxCZdWUDMk6HK1uQhg,Starbucks,Clearwater,FL,3.0,15,"Food, Coffee & Tea"
bqEuDKbVgOALSAkYh_TVIw,Starbucks,Largo,FL,4.5,5,"Food, Coffee & Tea"
z6-UhljI4jqBMyMrCUoz0Q,Starbucks,Edwardsville,IL,3.5,14,"Coffee & Tea, Food"
i418p2YhZ-owrHhOlWp32g,Starbucks,Tampa,FL,3.5,13,"Coffee & Tea, Food"
6fqL0jlPqhj0j_--hF3HWg,Starbucks,Clearwater,FL,3.5,32,"Food, Coffee & Tea"
vMNR7pvwQDPtdf1Wuxqn4Q,Starbucks,Boise,ID,3.0,6,"Food, Coffee & Tea, Bakeries, Internet Cafes"
CANk57JhjPTrpOkOCvECKQ,Starbucks,St Albert,AB,3.0,8,"Food, Coffee & Tea"
8n86Y8qTud6kcHgB1615OA,Starbucks,Edwardsville,IL,3.0,40,"Coffee & Tea, Food"
a-MYqHxvpmCz3ZXy2illiA,Starbucks,St. Louis,MO,3.0,57,"Coffee & Tea, Food"
YIMPh1-8zKCQ79ZsfocHBA,Starbucks,Brandon,FL,2.0,19,"Coffee & Tea, Food"
crDmS2Hux1Rwgylo6S022Q,Starbucks,Indianapolis,IN,3.0,38,"Coffee & Tea, Food"
48zRWlrJVh1rcpTQCIRvJA,Starbucks,Nashville,TN,2.0,7,"Food, Coffee & Tea"
ETMBMbUI7iLB4fzM_GjgGg,Starbucks,Villanova,PA,2.0,30,"Coffee & Tea, Food"
jC9Fn4tGGYbJg332IJ4MHA,Starbucks,Edmonton,AB,3.5,7,"Coffee & Tea, Food"
ZipaR6Tyd3IandZHwG6ubw,Starbucks,Indianapolis,IN,3.5,61,"Food, Coffee & Tea"
bMjwZOISK9cnnF8L5jojDA,Starbucks,Tampa,FL,3.0,62,"Coffee & Tea, Food"
_8bELjUz5tnftBbXAxKyjA,Starbucks,St. Louis,MO,3.5,34,"Coffee & Tea, Food"
U-VlSil0ZxpbfBX6TxKXbw,Starbucks,Indianapolis,IN,3.5,46,"Food, Coffee & Tea"
kzRHpO0DvaBY4RQSv7srcg,Starbucks,Webster Groves,MO,4.0,24,"Coffee & Tea, Restaurants, Food"
BDRjqFfnYu-i9xvFPCxfdg,Starbucks,Fishers,IN,3.0,51,"Food, Coffee & Tea"
AHzR6p7UMKsRG5RnjkSONg,Starbucks,King of Prussia,PA,2.0,25,"Food, Coffee & Tea"
FeEawbq1Hcdfx3GFf1aLZQ,Starbucks,Casa Adobes,AZ,3.0,35,"Coffee & Tea, Food"
EzPMG7xCuSZCpA3HSSAjHg,Starbucks,Edmonton,AB,3.5,13,"Food, Coffee & Tea"
HVDwUDNLLS9tPTtyHFO2Rg,Starbucks,Nashville,TN,2.0,15,"Food, Coffee & Tea"
AN0zjd-9W1vq1AS9UnOWrw,Starbucks,Clayton,MO,3.5,35,"Restaurants, Cafes, Coffee & Tea, Food"
NOeEa5aJpUF38qxi2Bj5Gg,Starbucks,Yardley,PA,3.5,30,"Food, Coffee & Tea"
S7Cl9gYqaC9jlw32yd4_Yg,Starbucks,Santa Barbara,CA,3.0,50,"Food, Coffee & Tea, Restaurants"
FR8YnUEtePT6D901MXQc_w,Starbucks,Plant City,FL,4.5,7,"Food, Coffee & Tea"
eXTIdWDxaZ4Dh7hB0--kGA,Starbucks,Reno,NV,3.5,14,"Food, Coffee & Tea"
y_s9BsVRsAp3hzNVXUichQ,Starbucks,Boise,ID,3.0,30,"Food, Coffee & Tea"
h4VyN6sZLqgJ6LBp0P6VPw,Starbucks,Kenner,LA,3.5,41,"Coffee & Tea, Food"
7d_OgR-rNFMh0tScSqtegw,Starbucks,Edmonton,AB,3.0,12,"Coffee & Tea, Food"
S18_H6x5IisrGmIW9ITdlA,Starbucks,Tucson,AZ,4.0,12,"Food, Coffee & Tea"
V8Xloxz2ozwBHCUSu0QGNw,Starbucks,Spring House,PA,2.5,35,"Coffee & Tea, Restaurants, Food, Cafes"
Kgxmyd6epSRqTJGl8EtEwg,Starbucks,Havertown,PA,3.5,35,"Restaurants, Coffee & Tea, Food"
JbI8R-Mjrn_kG7zBObj4vA,Starbucks,Tucson,AZ,4.0,36,"Food, Coffee & Tea, Desserts"
fimN43BUUakBXeRUQqkYvA,Starbucks,St. Louis,MO,4.0,43,"Food, Restaurants, Coffee & Tea"
LVAn0nRWGFaitwtRh1Q3oQ,Starbucks,Indianapolis,IN,3.5,9,"Food, Restaurants, Bakeries, Sandwiches, Coffee & Tea"
njdcYRIB9FqwMwAE_wJuVA,Starbucks,Feasterville,PA,3.5,20,"Coffee & Tea, Food"
Lswb5BgtMTWCsSw_blU4oA,Starbucks,Doylestown,PA,3.0,32,"Coffee & Tea, Food, Restaurants"
iOOL2MWsuYoMgwqPTmq4aA,Starbucks,Clearwater,FL,2.5,46,"Coffee & Tea, Food, Breakfast & Brunch, Restaurants"
vQMcJ0hvM--o9qPYFn6Xvw,Starbucks,Bryn Mawr,PA,3.0,46,"Food, Coffee & Tea"
TJUALKgDgyGaEffzmJ7WoQ,Starbucks,Tampa,FL,4.0,46,"Food, Restaurants, Coffee & Tea"
r28E3Magy-W_w2V_0jfMdA,Starbucks,Reno,NV,3.5,23,"Coffee & Tea, Food"
_T8tOBDr3NKNxd0yl5GwjA,Starbucks,Goleta,CA,3.0,113,"Coffee & Tea, Restaurants, Food"
GNrZxUMFyBCjei_-gfVjjg,Starbucks,Wilmington,DE,3.0,30,"Coffee & Tea, Food"
B6k9V9q3BaSCjWtDyNipfA,Starbucks,Bala Cynwyd,PA,3.5,36,"Coffee & Tea, Food"
yMLdnKqOErWTvaE8djPzDA,Starbucks,New Orleans,LA,3.0,47,"Coffee & Tea, Food"
ttPZOjbUVxHkXWwof6nuzg,Starbucks,Town and Country,MO,3.5,18,"Food, Coffee & Tea"
ejQS-q3gy2LS4Y5Q08B0_w,Starbucks,Mt. Juliet,TN,4.5,11,"Coffee & Tea, Food"
bLNSAljXE00oAcfGYJA-FA,Starbucks,Oro Valley,AZ,3.5,5,"Food, Coffee & Tea"
FiTls64Ll9f9OeqwASM-UQ,Starbucks,Indianapolis,IN,3.5,34,"Coffee & Tea, Food"
T5BTWxPdcCodK2JMPcPD0A,Starbucks,Indianapolis,IN,4.0,15,"Food, Coffee & Tea"
y6HD7qhOsXt-BTnkuJLUSg,Starbucks,Wilmington,DE,3.0,35,"Coffee & Tea, Food"
XSL9RuLwRTyhNUwUo7WAPw,Starbucks,Santa Barbara,CA,2.0,18,"Food, Coffee & Tea"
ii4nKLMiivPFktWxo1lC5w,Starbucks,Tucson,AZ,4.0,5,"Restaurants, Breakfast & Brunch, Coffee & Tea, Food"
E9_ZbWLoGUoWnkYhUHu0qA,Starbucks,Newtown,PA,2.5,13,"Food, Coffee & Tea"
2rTCpBUN36jDhRxid_-Kng,Starbucks,Tucson,AZ,3.5,37,"Coffee & Tea, Food, Restaurants"
co28Isl2nsvX4-dd33R_yw,Starbucks,Sparks,NV,2.5,98,"Food, Coffee & Tea"
NnA2n0gbI0YBFKZR53Ad7g,Starbucks,Stowe,PA,3.5,9,"Food, Coffee & Tea"
kKkw3zsIGMQDFQXP-_yYbQ,Starbucks,"Mt Laurel Twp, NJ",NJ,3.5,45,"Coffee & Tea, Food, Restaurants"
zVvdqWz7_qjJf3X87Yqp2A,Starbucks,Clayton,MO,4.0,26,"Restaurants, Coffee & Tea, Food"
GLDeniJ20Z0X_ZMbt4Y8Jg,Starbucks,Tucson,AZ,4.0,6,"Food, Coffee & Tea"
SG9_UvGkcsArW6oELZ5XFg,Starbucks,Tucson,AZ,2.0,12,"Food, Coffee & Tea"
MK83TvLeXUkyQwAzO4Mpdw,Starbucks,Fairview Heights,IL,3.5,10,"Coffee & Tea, Food"
90LsqLbaoQpz_xNbSQsCFA,Starbucks,Philadelphia,PA,3.0,58,"Coffee & Tea, Restaurants, Food"
qGEcvCAdOGqaHMCg5izq2w,Starbucks,Reno,NV,3.0,47,"Food, Coffee & Tea"
whAw6ljhyqDy6CHcP233jA,Starbucks,CLEARWATER BEACH,FL,2.5,5,"Coffee & Tea, Food"
9bH5Xc39pDsh70N9vUdBGg,Starbucks,Indianapolis,IN,3.5,38,"Food, Coffee & Tea"
wFZCwLkn8pegsmprBOpa4Q,Starbucks,Hendersonville,TN,3.5,10,"Coffee & Tea, Food"
p5pQ5PKXiEc4yLxsL4TsFA,Starbucks,Philadelphia,PA,3.5,32,"Restaurants, Coffee & Tea, Food"
EQ9RsmozHxm-q1dEgILAiw,Starbucks,Largo,FL,3.0,53,"Coffee & Tea, Food"
iY-LCg0gysYOPvFRrF9Ybw,Starbucks,St. Louis,MO,1.5,24,"Bakeries, Coffee & Tea, Food"
F-8dIRehX6_bYZ2T2PZEUw,Starbucks,Lutz,FL,3.5,9,"Coffee & Tea, Food"
niV3iDWcxuKFOJr3qWp9pQ,Starbucks,Tampa,FL,3.0,96,"Coffee & Tea, Food"
xhSpCPK_hb0S7GIewZwSoA,Starbucks,Tampa,FL,3.5,6,"Food, Coffee & Tea"
r7GGMXm2AmaJxMIgLeB1gw,Starbucks,Indianapolis,IN,2.5,5,"Food, Coffee & Tea"
4MbJl_Pn4xqTHWWf_w5KHg,Starbucks,Indianapolis,IN,3.5,33,"Food, Coffee & Tea"
LqDzm5YJs07jpyIMYFnFrQ,Starbucks,Metairie,LA,2.5,71,"Food, Coffee & Tea"
fo4TOAiwYEZ5p13kqg1Ukw,Starbucks - Olivette,Olivette,MO,3.5,39,"Food, Coffee & Tea"
R6IRHj65pEE-YJHVudBuVQ,Starbucks,Reno,NV,2.5,77,"Food, Coffee & Tea"
vLKZGIQYKaTDxcY5shttWg,Starbucks,Reno,NV,3.0,5,"Coffee & Tea, Food"
4QnaPR1FJlONov3ANyuOdg,Starbucks,Valrico,FL,3.0,14,"Food, Coffee & Tea"
S1JGVt_nIqTpCyjrzQZ9Uw,Starbucks,Boise,ID,2.5,21,"Food, Coffee & Tea"
oPiqiBdRbvaMTzPlYNeZ7Q,Starbucks,St. Louis,MO,2.5,41,"Coffee & Tea, Food"
w5fyVRnGWXl_ldGt0Hu5uQ,Starbucks,Philadelphia,PA,3.5,26,"Food, Coffee & Tea"
7Klk8UuK1sdJt5_44eUtDg,Starbucks,Philadelphia,PA,3.5,58,"Food, Coffee & Tea"
ukQX8e7o-DDRglKdF9fk4g,Starbucks,Tucson,AZ,4.0,25,"Food, Coffee & Tea"
x-waJIgYyDLprk6xniUjlA,Starbucks,Edmonton,AB,4.0,7,"Food, Coffee & Tea"
OTidyJ0pcVB6d73FlkBnag,Starbucks,Cherry Hill,NJ,4.0,8,"Coffee & Tea, Food, Restaurants"
gLKNO0m4kLSqxWQKNJgMKg,Starbucks,Lansdale,PA,4.5,33,"Food, Coffee & Tea"
8J-hkpk56R9UX69YKNTtPw,Starbucks,New Orleans,LA,2.0,38,"Food, Coffee & Tea"
VPuWZ4dj3ZvFuuaKh7Up3Q,Starbucks,Plainfield,IN,3.0,38,"Restaurants, Food, Bakeries, Coffee & Tea, Internet Cafes"
RpxJ4-rYuqAI2an7WGELFQ,Starbucks,Reno,NV,2.0,35,"Food, Coffee & Tea"
Rbd9lrMElo7Tzt_v1UvKxg,Starbucks,Nashville,TN,2.5,14,"Coffee & Tea, Food"
MiHEBc2XAZ0c39WAul-XBA,Starbucks,St. Louis,MO,2.0,10,"Coffee & Tea, Food"
lzx4AFxrByuVxgyZwRMYYg,Starbucks,Reno,NV,3.0,53,"Coffee & Tea, Food, Restaurants"
FdLLsltA19IYDvz6CIOHzg,Starbucks,Kenner,LA,2.0,19,"Coffee & Tea, Food"
85YOTzRlah5hzasNmNl5uA,Starbucks,Riverview,FL,3.0,60,"Food, Coffee & Tea"
E4hgF2y1DiDdijo7rcOrLA,Starbucks,Lionville,PA,2.5,17,"Food, Coffee & Tea"
KWIgNJwWWS34AvGaC0HdYQ,Starbucks,Reno,NV,3.5,53,"Food, Coffee & Tea"
luwB0KsvoiXUewBvRdcYiA,Starbucks,New Orleans,LA,3.0,31,"Food, Coffee & Tea"
MWWtxj3R0WGqPzZg1uFmQA,Starbucks,Mount Laurel,NJ,2.5,67,"Restaurants, Coffee & Tea, Food, Cafes"
6rdfC4ESbWEBeKbyQziZ1w,Starbucks,Boise,ID,3.5,29,"Restaurants, Food, Coffee & Tea"
NCHUoBAMTDqI754PICPN9A,Starbucks,Isla Vista,CA,3.0,99,"Restaurants, Food, Coffee & Tea"
NiNYF7i7FoT3PiZNpTqsXQ,Starbucks,Oldsmar,FL,3.5,28,"Coffee & Tea, Food"
nIitlcVPluCbjA6fbKJhJA,Starbucks,Tucson,AZ,3.0,6,"Coffee & Tea, Food, Grocery"
ep5qO5-HdYH8zKfz0LLqCA,Starbucks,Tampa,FL,3.0,46,"Desserts, Food, Coffee & Tea, Specialty Food"
exrvCKEGg1Ays38rKLOdhA,Starbucks,St. Louis,MO,1.0,13,"Food, Coffee & Tea"
lcJc6yH1uqwMOBNO6ux5UA,Starbucks,Indianapolis,IN,4.0,40,"Coffee & Tea, Food"
qGktl0XjPNgc1nRJavkLGA,Starbucks,Reno,NV,2.5,17,"Coffee & Tea, Food"
gmeaD_sfeJVImX3mIhdWcw,Starbucks,Tucson,AZ,4.5,7,"Coffee & Tea, Food"
eT_mk6n1sGovcZS_jT5-bw,Starbucks,St. Petersburg,FL,3.5,11,"Food, Coffee & Tea"
W3kFd-uNAkLZZsXEFwz3ow,Starbucks,Boise,ID,4.0,6,"Coffee & Tea, Food"
DzAiKgi0HH1wDzAt4aEd7g,Starbucks,Philadelphia,PA,1.5,11,"Coffee & Tea, Food"
s0VpsfcyxwqvSGvvTPyPiA,Starbucks,Wilmington,DE,2.5,32,"Coffee & Tea, Food"
HxdaEwpoXKll0Ze4nhS0XA,Starbucks,Philadelphia,PA,2.0,56,"Desserts, Coffee & Tea, Food"
Aj44kUBmEfJlUsGCvKJKtw,Starbucks,Santa Barbara,CA,3.0,21,"Coffee & Tea, Food"
YqGx9kaJRqEeTUs-EcKc2g,Starbucks,Spring Hill,FL,4.0,5,"Coffee & Tea, Food"
AMVL7n_M6MrIywrnyA0C0A,Starbucks,Indianapolis,IN,4.0,31,"Food, Coffee & Tea, Bakeries"
_L4N2qjUUZWR9BELd4oemg,Starbucks,Edmonton,AB,4.0,5,"Coffee & Tea, Food"
iibELFthZ_mTJyYs99De_Q,Starbucks,Sherwood Park,AB,3.5,5,"Coffee & Tea, Food"
NfuQxhkadU9p1nFUs-2sbQ,Starbucks,Indianapolis,IN,3.5,23,"Food, Coffee & Tea"
mQtDQblKR8-RY295XLyGMA,Starbucks,Sparks,NV,3.0,14,"Food, Coffee & Tea"
Fg0vS_HDz2kAJt3Q_VZodA,Starbucks,Delran,NJ,2.5,31,"Food, Coffee & Tea"
YBxBdrzQZplVWNUymSGVug,Starbucks,Nashville,TN,2.0,37,"Coffee & Tea, Food"
qfKcc--dmGurMudBkVg8Tw,Starbucks,Valrico,FL,3.5,15,"Food, Coffee & Tea"
b7ao5G03_c_8YAueJW7pXA,Starbucks,North Wales,PA,2.0,10,"Coffee & Tea, Food"
x2PYuKmTUiQfzOhAAM9_Cg,Starbucks,Glen Mills,PA,3.5,10,"Coffee & Tea, Food"
TPNv3aGh3UKoZ8iAcpbWKA,Starbucks,Edmonton,AB,4.0,13,"Cafes, Food, Restaurants, Coffee & Tea"
1sZKO790Q6C4aV9PKmtWeA,Starbucks,Maryland Heights,MO,4.0,38,"Food, Restaurants, Coffee & Tea"
lCpO0y4VR19qMGWprbiGDQ,Starbucks,Reno,NV,2.5,96,"Food, Coffee & Tea"
1SI-jPcGxag54hWZvafxIw,Starbucks,Tarpon Springs,FL,3.0,18,"Restaurants, Coffee & Tea, Food, Sandwiches, Juice Bars & Smoothies"
xBmLaYKPIzUnrdEpg5BLYw,Starbucks,St. Louis,MO,3.0,23,"Food, Coffee & Tea"
Gk6EoDA3Bd9LDnYhJe1WKw,Starbucks,Philadelphia,PA,3.0,5,"Food, Coffee & Tea"
EoXPPhjf617rKvEtJ-gssw,Starbucks,Exton,PA,3.0,37,"Cafes, Coffee & Tea, Food, Restaurants"
me-gE1a7-DRGK9oeuCmbrw,Starbucks,Reno,NV,2.5,95,"Food, Coffee & Tea"
1DCUoKRe971ZReg1nk-QIw,Starbucks,Spring Hill,FL,3.0,7,"Coffee & Tea, Food"
O6fpSQsG6waSug3tccobew,Starbucks,Reno,NV,3.0,77,"Coffee & Tea, Food"
wVgo5MaohDWNuudZWWwfJg,Starbucks,Philadelphia,PA,2.5,33,"Coffee & Tea, Food"
Ev5UloYOXuw1UTxBKYVXuw,Starbucks,Fenton,MO,3.0,39,"Food, Coffee & Tea"
1N58_B4IsWcj19QZyJdzag,Starbucks,Indianapolis,IN,2.5,24,"Food, Coffee & Tea"
W41lKwSUobJaTDLd4q9x0g,Starbucks,Tampa,FL,3.0,13,"Food, Coffee & Tea"
bvVHopucWYlQtDg6bVY09w,Starbucks,King of Prussia,PA,2.5,56,"Food, Coffee & Tea"
3oFPL2QGawKJ4z9skJD_9Q,Starbucks,Tampa,FL,2.5,12,"Food, Restaurants, Coffee & Tea"
h1_eW92xqrPrY-LVKkHPNg,Starbucks,Indianapolis,IN,3.5,78,"Coffee & Tea, Food"
m7YpXsUZOfbmaHxjhCGP_A,Starbucks,Harvey,LA,3.0,48,"Food, Restaurants, Coffee & Tea"
mE4D25vY8SNxpNOZZtEauA,Starbucks,Newtown Square,PA,3.0,13,"Coffee & Tea, Food"
WPdLRG-jsZmS7RkAfnZJQQ,Starbucks,Largo,FL,4.0,25,"Coffee & Tea, Food"
7Xs44M4gmghxrJgU_xzppg,Starbucks,Tampa,FL,3.0,26,"Coffee & Tea, Food"
mYOFkbJq_SDnUaN_BDEkZw,Starbucks,Wynnewood,PA,3.5,6,"Coffee & Tea, Food"
DY2MwXiena93u6JeI7Th_w,Starbucks,Saint Petersburg,FL,3.5,41,"Food, Restaurants, Coffee & Tea"
XIdjpQWEw0-0h41Xbs47kA,Starbucks,Carmel,IN,3.5,29,"Coffee & Tea, Food"
b66R96v0N-Mmu0jb4cVhiQ,Starbucks,Philadelphia,PA,2.5,46,"Coffee & Tea, Food"
6WbDVtlU7vGaFV9zHexFIw,Starbucks,Town and Country,MO,4.0,24,"Food, Restaurants, Coffee & Tea"
np56UXojrRQOaBvBHoLHkw,Starbucks,Abington,PA,3.5,25,"Food, Coffee & Tea"
1A9p0iMiPsIqC0iDRMfZow,Starbucks,Ladue,MO,3.5,46,"Food, Coffee & Tea"
6Al95KtZ_ob3NpyyiueI6Q,Starbucks,Florissant,MO,3.5,28,"Coffee & Tea, Food"
CyiN_owscPJNvlwul0XJPg,Starbucks,Clearwater,FL,3.0,36,"Coffee & Tea, Desserts, Food, Restaurants"
OUvtfVGqDo8ZfD_eDVTALA,Starbucks,Tampa,FL,3.5,92,"Food, Coffee & Tea"
puDcIJMwP0H_vy9Ty8HFFQ,Starbucks,Sparks,NV,3.5,39,"Coffee & Tea, Restaurants, Food"
fGsEVei0W5kyhlL8TRNclg,Starbucks,Conshohocken,PA,2.5,39,"Food, Restaurants, Coffee & Tea"
vtJzY7yw636iiEH5tz3B-g,Starbucks,Carmel,IN,3.5,21,"Coffee & Tea, Food"
79-mLS1vvVYkHRCYBMXmzw,Starbucks,Williamstown,NJ,4.0,9,"Food, Coffee & Tea"
SbhE1Ns2EQ_ROA0qsR0dfg,Starbucks,Tucson,AZ,3.5,47,"Food, Coffee & Tea"
M8AE0_L8zO0HsI8DGRqPJA,Starbucks,Wayne,PA,4.0,7,"Restaurants, Food, Coffee & Tea, Cafes"
pQx2aFqw5s7N5ThMYlqDzQ,Starbucks,Cherry Hill,NJ,3.5,34,"Food, Coffee & Tea"
xiYFy6hcF2dXYSRUqXIjbQ,Starbucks,Newark,DE,2.5,21,"Coffee & Tea, Food"
hSgY_2L02kB-1xRDoJKsng,Starbucks,Edmonton,AB,3.0,10,"Coffee & Tea, Food"
nZZc4_SPb3UxD2AtDEtugg,Starbucks,St. Louis,MO,2.5,58,"Coffee & Tea, Food"
XWbWhTXkyzfhwh4dbfwEAA,Starbucks,Boise,ID,3.5,23,"Coffee & Tea, Food"
eiQ7HEEuzToQue026gutXw,Starbucks,Lumberton,NJ,2.0,9,"Coffee & Tea, Food"
ezx74ix7nc7ZpDQ29Rkn7A,Starbucks,King of Prussia,PA,3.0,6,"Food, Coffee & Tea"
u12BYcjx2VGy8L_N1Q_sPA,Starbucks,Tucson,AZ,2.0,10,"Food, Coffee & Tea, Restaurants, Food Stands"
A_GAAY2LoP3RS1TIwHzuxA,Starbucks,Tampa,FL,2.5,45,"Coffee & Tea, Food"
aTOCTSi1GwigOEcqOKRwFg,Starbucks,Philadelphia,PA,3.5,11,"Coffee & Tea, Food"
-QG6KSRQKTQ80--wqrnLTg,Starbucks,Philadelphia,PA,4.0,9,"Food, Coffee & Tea"
sA-jrCH-R5741DQ3LWi9Mw,Starbucks,Levittown,PA,3.0,32,"Cafes, Restaurants, Coffee & Tea, Food"
J8on84cuYSeLXYuzgc9xJA,Starbucks,Apollo Beach,FL,1.0,5,"Food, Coffee & Tea"
J-Gfo-YKtgFPSgCBZbT88Q,Starbucks,Tucson,AZ,2.5,64,"Cafes, Coffee & Tea, Restaurants, Food"
t-ROSN9X4QqbGFd6cchDNQ,Starbucks Coffee,Metairie,LA,3.5,9,"Restaurants, Coffee & Tea, Food"
9c1p8TTOG_F55i3yEiVVDQ,Starbucks,Philadelphia,PA,2.0,70,"Coffee & Tea, Food"
5oxN4yXEMRU9_iQrXlFkvQ,Starbucks,Largo,FL,2.5,6,"Coffee & Tea, Food"
GdEEibDpjjKVkEQzB6jiYg,Starbucks,Camby,IN,3.0,26,"Restaurants, Coffee & Tea, Food"
DTyeAYLV9YCc4mG5XTorTA,Starbucks,Philadelphia,PA,3.0,36,"Food, Coffee & Tea"
FV-IDfUkj07Ctseem_dyoA,Starbucks,Tampa,FL,3.0,9,"Food, Coffee & Tea"
4lkbbB4y_kaoPdDxq0F3Hw,Starbucks,Manchester,MO,3.0,22,"Coffee & Tea, Food, Restaurants"
s4aArjOavl28bL5rPQRhRQ,Starbucks,Tampa,FL,3.0,43,"Coffee & Tea, Food"
YTYK2xCNJviDtNkXvPx0Yg,Starbucks,Hockessin,DE,3.5,16,"Desserts, Food, Bakeries, Coffee & Tea"
aQC_87xrNXm-K29ExZH4qA,Starbucks,Brookhaven,PA,3.0,40,"Coffee & Tea, Food"
SZnKIC9zVn_DJH6eC4ROIw,Starbucks,Spring Hill,FL,3.0,6,"Coffee & Tea, Food"
L_4GDsQT0UXSMxDKdB7rQg,Starbucks,Voorhees,NJ,4.0,10,"Coffee & Tea, Food, Bakeries"
Znr5C75iByDDIk7C6wqgsA,Starbucks,St. Ann,MO,2.5,22,"Food, Coffee & Tea"
FAdOnoeDHbcolTN3e7oB5w,Starbucks,Edmonton,AB,2.5,8,"Food, Coffee & Tea"
1lYgczPofVzbRqBT4XdLZQ,Starbucks,Cherry Hill,NJ,2.5,14,"Food, Coffee & Tea"
eQdB1ZjnNspjE7KTFzblzA,Starbucks,Edmonton,AB,3.0,11,"Coffee & Tea, Food"
G3EW13G66ISs6L1xhDXdNA,Starbucks,Tampa,FL,3.5,20,"Coffee & Tea, Food"
hXfXTxPeiR8HBAtmsMPYzA,Starbucks,Flourtown,PA,4.0,21,"Food, Coffee & Tea"
zRS07E7aUBLePn0La-WcfQ,Starbucks,St. Louis,MO,1.5,8,"Coffee & Tea, Food, Bakeries"
7lpkWY6BPUjNfWpiklxz6g,Starbucks,West Chester,PA,3.5,26,"Food, Coffee & Tea, Restaurants"
k4WBufHPsiz4HgmT_gwK3g,Starbucks,Philadelphia,PA,3.5,35,"Restaurants, Coffee & Tea, Food, Cafes"
6z3n9bxWvYWDEcrvuahjtA,Starbucks,Tucson,AZ,3.0,66,"Food, Coffee & Tea"
EFci0tbSrb7wko6tpVDnbA,Starbucks,Philadelphia,PA,3.0,124,"Food, Coffee & Tea"
6bT5PaG9xC-V76O4dtDOrg,Starbucks,New Port Richey,FL,3.0,35,"Coffee & Tea, Food"
PnLZ1uKbRZkv6t72gSvCwQ,Starbucks,Reno,NV,3.0,26,"Coffee & Tea, Food"
zXvjFr3lftIlkuFNlY4PRw,Starbucks,Tucson,AZ,3.5,65,"Food, Coffee & Tea, Restaurants"
TkjhBKKptIu-7xJb-Oxy4Q,Starbucks,Malvern,PA,3.0,15,"Coffee Roasteries, Coffee & Tea, Internet Cafes, Food"
C2fsU9M6qqmo1rPShY4Oxg,Starbucks,Largo,FL,2.5,19,"Coffee & Tea, Food"
P_5OkU8s4hknUSesl6kWhw,Starbucks,Nashville,TN,3.0,8,"Coffee & Tea, Food"
WfGXFCu0e0SVr9tZG3-TfQ,Starbucks,Nashville,TN,2.0,43,"Coffee & Tea, Food"
1J6QlHsJeXFTrL-mdjwjNQ,Starbucks,Hendersonville,TN,4.5,10,"Coffee & Tea, Food"
5qVG7T82jRnKGR9O7_0cFw,Starbucks,New Orleans,LA,3.0,130,"Coffee & Tea, Food, Restaurants, Breakfast & Brunch, Cafes"
GH1csLX8t8VXHhjQE5KpIw,Starbucks,Mt. Juliet,TN,2.5,13,"Coffee & Tea, Food"
rccTGDEgn7kwc9-KLx2Trg,Starbucks,Florissant,MO,3.0,12,"Bakeries, Food, Coffee & Tea, Breakfast & Brunch, Restaurants, Sandwiches"
1AJHVnRGxTWNMaFbIUbWcg,Starbucks,Edmonton,AB,2.5,9,"Coffee & Tea, Food"
_JK1veKwxAwk1rp4H7z-1g,Starbucks,Reno,NV,3.0,40,"Coffee & Tea, Food"
HYBuQ2B82DDbXpbXrAIGHg,Starbucks,Nashville,TN,3.0,20,"Food, Coffee & Tea"
T0L0KltiJMAtrYHjqyuoMw,Starbucks,Reno,NV,2.5,16,"Coffee & Tea, Food"
KBNMK2rD7qrLUm0Mrwa_Hg,Starbucks,Carmel,IN,3.5,36,"Food, Coffee & Tea"
chktpCblpN5Kd_yskQXreg,Starbucks,Philadelphia,PA,2.5,6,"Food, Coffee & Tea"
2N8aVo6j0PyL5Qj-qL9upQ,Starbucks,Lithia,FL,3.5,22,"Food, Coffee & Tea"
1HNvVBmQX6F_0rMVdvKi1g,Starbucks,Tampa,FL,3.0,79,"Coffee & Tea, Restaurants, Food"
mNO9pUXwxP2VgOhXIPOdgw,Starbucks,St. Louis,MO,3.0,45,"Food, Coffee & Tea"
vwT-Gac13DmYw4ij1ksbvQ,Starbucks,Tucson,AZ,3.5,6,"Food, Coffee & Tea"
hftnzIIZaq7Uip5bKRrY9Q,Starbucks,Gretna,LA,2.0,75,"Food, Coffee & Tea"
UrYj-HI2I61BK_nsPEa_QQ,Starbucks,Philadelphia,PA,3.5,50,"Coffee & Tea, Food"
Z_KNlr8cLxDSPUB055MgOA,Starbucks,Brandon,FL,4.0,52,"Coffee & Tea, Food"
uQub6nYRyGH7bjNwuwCUMw,Starbucks,Sherwood Park,AB,4.0,7,"Food, Coffee & Tea"
vFhOCxCeY_oniyoceyzGpg,Starbucks,Tucson,AZ,2.5,5,"Coffee & Tea, Food"
BsehmEx5EX1FbEOPPswtfA,Starbucks,Marana,AZ,3.0,21,"Restaurants, Coffee & Tea, Sandwiches, Food"
IVfXcPEwLbZFL3B-2U0Btg,Starbucks,Indianapolis,IN,3.5,34,"Food, Coffee & Tea"
fJQHj9Sq1R0a9FO08q8HWw,Starbucks,Nashville,TN,3.0,30,"Coffee & Tea, Food"
5AliYk_XYNEu271Sz7EUbw,Starbucks,Valley Park,MO,3.0,24,"Food, Coffee & Tea"
9SDMmYFtwSeQ7-ynEI2cgw,Starbucks,St. Louis,MO,2.0,11,"Restaurants, Cafes, Desserts, Coffee & Tea, Food"
lgSO-bzx0USaPe34zdLyCw,Starbucks,Philadelphia,PA,2.5,71,"Food, Coffee & Tea"
34x_Rkwd4UAcKuHyJui0sg,Starbucks,North Wales,PA,3.0,27,"Coffee & Tea, Food"
5u98TGP6uBs-NO6m35exsQ,Starbucks,Garden City,ID,3.5,16,"Coffee & Tea, Food"
YklJC4Lt2rMGfV8JfrTtuw,Starbucks,Philadelphia,PA,2.0,7,"Coffee & Tea, Bakeries, Food"
oOmEd0K-1rpGo5FmvijMgA,Starbucks,Tampa,FL,3.0,15,"Cafes, Coffee & Tea, Restaurants, Food"
P3Oy6-nfqP46PmHJXNPLYA,Starbucks,New Orleans,LA,4.0,19,"Food, Coffee & Tea"
X85AplVLxxc7LRlM7QmwuA,Starbucks,Nashville,TN,2.5,25,"Food, Coffee & Tea"
HgvOxHGHnEway0hEn4jjtw,Starbucks,Phoenixville,PA,4.0,6,"Food, Coffee & Tea"
cpM1Ia8EozVN0Oovw4ALTQ,Starbucks,Edmonton,AB,3.5,8,"Food, Coffee & Tea"
yjXSQDwuI49poc3MA7AGdw,Starbucks,Philadelphia,PA,3.5,39,"Coffee & Tea, Food"
bjw8swV8_e4rVGo-b87Vhg,Starbucks,Franklin,TN,3.5,9,"Food, Coffee & Tea"
z-7fgq0DHYB7-jO_6iGnJg,Starbucks,Royersford,PA,2.5,17,"Coffee & Tea, Food"
OeO23GTZxF5tRnOXsYxCNA,Starbucks,Philadelphia,PA,3.0,24,"Breakfast & Brunch, Restaurants, Food, Coffee & Tea, Sandwiches"
K7cmAUWUebwIyminFIHqIg,Starbucks,Indianapolis,IN,3.0,42,"Coffee & Tea, Food"
KOXS3nJm-e5E5MwQ6Pfrlg,Starbucks,Philadelphia,PA,2.0,15,"Coffee & Tea, Food"
eYF-P4Dp7zHH1o2cEV39Ug,Starbucks,Newark,DE,1.0,12,"Food, Coffee & Tea"
gbZd0FVBD5VITCnGQnVJOg,Starbucks,Tampa,FL,4.0,18,"Coffee & Tea, Food"
ZIfvFrdyT1L9mS-NpGhuMA,Starbucks,Nashville,TN,3.0,79,"Food, Coffee & Tea, Restaurants"
aA8_o9e57ey9QX5Nw4WelQ,Starbucks,Indianapolis,IN,2.5,50,"Food, Coffee & Tea"
88r-82tHoOm52PSt6dXy0g,Starbucks,O'Fallon,IL,2.5,117,"Food, Coffee & Tea"
PlnQ0xuzCNQZUiswBiXcIw,Starbucks,Tucson,AZ,2.0,20,"Coffee & Tea, Food"
vv6sIXQHy4JQzaG4mt9jvg,Starbucks,Indianapolis,IN,3.0,5,"Food, Coffee & Tea"
kJiVGHWyW9lrIJmbdEJXFg,Starbucks,St. Louis,MO,3.0,27,"Food, Coffee & Tea"
KD20H4BiOqSaw-0n5LsV1A,Starbucks,River Ridge,LA,3.5,21,"Food, Coffee & Tea"
VjDJV7FrrgRnOauV86NTYw,Starbucks,Landsdale,PA,3.5,5,"Food, Coffee & Tea"
Ibo4E5a_nf51egmeFR5Izg,Starbucks,Indianapolis,IN,4.0,83,"Food, Coffee & Tea"
Qz-ns3UaKe8irtH1wOAjfQ,Starbucks,Indianapolis,IN,4.0,6,"Food, Bakeries, Coffee & Tea"
NmJX_LZ7ShIZqspI31RVZA,Starbucks,Santa Barbara,CA,3.5,85,"Food, Coffee & Tea"
aWQ2ObC8LoMCpl4w33mokg,Starbucks,East Norriton,PA,3.0,32,"Food, Coffee & Tea"
RvidXO1i2keYPsmZE41NBw,Starbucks,Boise,ID,3.0,10,"Coffee & Tea, Food"
0rM3Izz5hVz-_kf339YMeQ,Starbucks,Tampa,FL,3.0,26,"Restaurants, Food, Breakfast & Brunch, Coffee & Tea"
YdDhLRxF5UJQhQzM5IKjfA,Starbucks,St. Louis,MO,3.5,27,"Food, Coffee & Tea"
g2leve1c8LW9ZTlEygMK8Q,Starbucks,Edmonton,AB,2.0,12,"Coffee & Tea, Food"
-6kIZWnXPuDC6JiQJ-A1fg,Starbucks,St. Louis,MO,3.5,39,"Coffee & Tea, Food"
l9ir9IOlpC2zxYtFYQu49Q,Starbucks,Tucson,AZ,3.0,15,"Coffee & Tea, Food"
_9d6vlplnhYFlUJR3I8fQQ,Starbucks,Marlton,NJ,3.5,10,"Food, Coffee & Tea"
bKIl8WELw2a09bdeJHU3UQ,Starbucks,Indianapolis,IN,2.5,11,"Food, Coffee & Tea, Cafes, Restaurants"
6LFhb-DEcVDnG3HZfHt1Qw,Starbucks,Tucson,AZ,3.0,28,"Food, Coffee & Tea"
FmBvwussMAP_hh5psTcHOw,Starbucks,Royersford,PA,3.0,21,"Coffee & Tea, Food"
Ve3hy3HV40OKUJIcZAK8qA,Starbucks,Warminster,PA,3.5,30,"Coffee & Tea, Food"
IVyJwu55f0s42Cg6EWr08A,Starbucks,Tampa,FL,3.0,48,"Specialty Food, Coffee & Tea, Food"
iIUZDKozkjRpDQt07VVs-A,Starbucks,Indianapolis,IN,3.5,17,"Food, Coffee & Tea"
7WrnAUGyB_uyWBSk5imztg,Starbucks,Tucson,AZ,3.5,24,"Restaurants, Coffee & Tea, Food"
ue-Me7wcOixhdHNOEQ6j3Q,Starbucks,Reno,NV,3.0,46,"Coffee & Tea, Food, Restaurants"
XcFUxeLcbBt0xefg03Muyg,Starbucks,New Port Richey,FL,3.0,17,"Coffee & Tea, Food"
0wOp7FA8vyUOEgqWRcfEeg,Starbucks,Temple Terrace,FL,4.0,10,"Coffee & Tea, Food"
bvXbo6lPfiOxRSrz6WhnLw,Starbucks,Woodbury,NJ,4.0,6,"Food, Coffee & Tea"
nzqqtNencRTeCaAMS75Z_g,Starbucks,Edmonton,AB,4.0,8,"Desserts, Coffee & Tea, Bakeries, Food"
TYH8eFPHCvK-7Y0CV7z1Zw,Starbucks,Indianapolis,IN,3.5,26,"Coffee & Tea, Food"
vnEwE9OVCdQbXAJDYcCh1g,Starbucks,Nashville,TN,3.5,37,"Coffee & Tea, Food"
dKfm1sngKAGthtEuW2fVWQ,Starbucks,Blue Bell,PA,2.5,28,"Food, Coffee & Tea"
-ilTnXu41RrxQITuolQhmQ,Starbucks,Philadelphia,PA,2.0,10,"Coffee & Tea, Breakfast & Brunch, Restaurants, Sandwiches, Food"
wWoX5l58K8YTokEWRcFstw,Starbucks,Wesley Chapel,FL,3.5,57,"Food, Coffee & Tea"
qMJbwSUJQxzTaHyTvGiiCQ,Starbucks,Clearwater,FL,3.5,27,"Food, Coffee & Tea"
KmyzlQ4zhlTHw31fwxqo7Q,Starbucks,Langhorne,PA,3.0,6,"Food, Coffee & Tea"
twzNU32q_CLrjtnAqMjLRg,Starbucks,Tampa,FL,4.0,24,"Food, Coffee & Tea"
35nhYScG8Q8x1ctzPCEUmQ,Starbucks,Greenwood,IN,3.5,8,"Coffee & Tea, Food"
6O2dPoOJI-TDWPdw4rG09Q,Starbucks,Smyrna,TN,3.5,12,"Coffee & Tea, Food"
2u0mmUtcEdvgeioiGE730w,Starbucks,Nashville,TN,1.5,5,"Food, Coffee & Tea"
VM2Pt-FCmKGkds7TB4lKRA,Starbucks,Boise,ID,2.5,6,"Food, Coffee & Tea"
h8t_AMU4FpoD7U9b_s2waA,Starbucks,Edmonton,AB,3.5,11,"Coffee & Tea, Food"
LO23N_AsEoptZ8QG8ZjkRQ,Starbucks,New Orleans,LA,3.0,10,"Food, Coffee & Tea"
a-ouU5dKcMOYgOkftIX1YA,Starbucks,Upper Darby,PA,3.0,37,"Food, Grocery, Coffee & Tea"
tooCLsBJgtfcZLcpO_0hsg,Starbucks,Carmel,IN,3.5,26,"Food, Coffee & Tea"
lR4yxv8dGwVewvm8g-eW1w,Starbucks,Tucson,AZ,3.0,8,"Food, Coffee & Tea"
vQMAQ5msSBgsCrECS6QhqA,Starbucks,Meridian,ID,3.0,9,"Food, Coffee & Tea"
29ThPh6IA69V-SfcwfV9Dg,Starbucks,Philadelphia,PA,3.0,48,"Restaurants, Food, Coffee & Tea"
IZ5hZD_helapxEPWUY29_g,Starbucks,Devon,PA,3.5,23,"Food, Coffee & Tea"
oryxEQldKf-FVqRgP5SfrA,Starbucks,Tucson,AZ,3.5,15,"Food, Coffee & Tea"
9e3uANpD7iRNNGpdfrt5nA,Starbucks,Des Peres,MO,4.0,13,"Food, Coffee & Tea"
5pWgwGriPE3LaqADVAtYQg,Starbucks,Tucson,AZ,2.5,30,"Food, Coffee & Tea"
UVNNX59l_6qCJWgKuc_mNg,Starbucks,Tampa,FL,3.0,38,"Food, Coffee & Tea"
rZtkmrnb-uFhnTFP7lgOEA,Starbucks,Trenton,NJ,4.0,13,"Coffee & Tea, Food"
netWsdUBNbYMkCgUr5a0dQ,Starbucks,Edmonton,AB,2.0,7,"Coffee & Tea, Food"
GKrxrkKqpMmmY7P2AdoY4A,Starbucks,Nashville,TN,2.0,6,"Food, Coffee & Tea"
n4Q9OvVDD4I8OjAsMziZhg,Starbucks,Indianapolis,IN,2.5,19,"Food, Coffee & Tea"
BkC1t7uicnafM0fXz-2ZIg,Starbucks,St. Louis,MO,4.5,5,"Coffee & Tea, Food"
TfSOfMR7s3n9rpoy6u60eQ,Starbucks,Tucson,AZ,4.0,8,"Food, Coffee & Tea"
rYTdFa_sH5eE41wfg9LMhA,Starbucks,Affton,MO,3.0,14,"Coffee & Tea, Food"
Gs43rBxzv6hwYoIp-FxVcg,Starbucks Gate F,Tampa,FL,4.0,5,"Food, Breakfast & Brunch, Coffee & Tea, Restaurants"
hq_lYGWzsC27nL8aMfxLIg,Starbucks,Tampa,FL,2.5,9,"Food, Coffee & Tea"
dXmx686sTWcyTHB0vXm5JA,Starbucks,Tucson,AZ,2.0,9,"Food, Coffee & Tea"
47JfuGySAVhQmIYynH_yfw,Starbucks,Reno,NV,3.5,33,"Coffee & Tea, Food"
B5YzH2QTnHThzrHPt-qHow,Starbucks,Riverview,FL,3.5,54,"Food, Coffee & Tea"
_v-qR0-RePoOX3OD9xDKTA,Starbucks,Metairie,LA,3.0,10,"Food, Coffee & Tea"
GlrpA_iR78s7vAP1j4CI3Q,Starbucks,Tucson,AZ,2.5,7,"Food, Coffee & Tea"
3BxSsr7QIWI6NGW08MU5JQ,Starbucks,Wynnewood,PA,3.0,13,"Desserts, Coffee & Tea, Food"
NJg2ookzRGD2Ej-VNpuY-w,Starbucks,West Chester,PA,3.5,22,"Food, Coffee & Tea"
VmluS4IPOHcfx8w67h2_Bw,Starbucks,Pottstown,PA,2.5,16,"Food, Bakeries, Coffee & Tea, Bagels"
Tw4UzgT76_Yrd2CK6GhAew,Starbucks,Tampa,FL,3.5,40,"Restaurants, Coffee & Tea, Food"
Uif8NGtHlCJmMdrV3pVqCQ,Starbucks,Reno,NV,3.5,22,"Food, Coffee & Tea"
elX9a3nvGMSweRaMWgSb0Q,Starbucks,Santa Barbara,CA,3.5,92,"Coffee & Tea, Food"
KaKoNWZGzYgI9RfubGJZBg,Starbucks,Edmonton,AB,3.5,12,"Coffee & Tea, Food"
mL1Q-xMMgXiiEJiZKhRgpA,Starbucks,St Louis,MO,5.0,5,"Coffee & Tea, Food"
EfROb-PLUsXRrK0qksx5FQ,Starbucks,St Albert,AB,3.5,12,"Food, Coffee & Tea"
FwvK-Xyi11yDeYmqmL6uSw,Starbucks,Philadelphia,PA,2.5,39,"Food, Coffee & Tea"
2cfEAFZZee8fq3Xx6yZ87w,Starbucks,Philadelphia,PA,4.0,21,"Restaurants, Coffee & Tea, Food, Cafes"
u2THoMNjQJU8eIv8AAQKTw,Starbucks,Philadelphia,PA,3.0,13,"Coffee & Tea, Food"
QDIayj7bwqoH-rrBfbBZBA,Starbucks,St. Louis,MO,2.0,66,"Coffee & Tea, Food"
TsPJqE3QcQ8TESztAYw0iw,Starbucks,Smyrna,TN,1.5,5,"Coffee & Tea, Food"
CCciHhF3WcrkG-P_NpLi_w,Starbucks,Indianapolis,IN,1.5,7,"Food, Coffee & Tea, Hotels, Event Planning & Services, Hotels & Travel"
Af7NWqfoTszSyyuMRU6few,Starbucks,Philadelphia,PA,3.0,31,"Food, Coffee & Tea"
jyI0Egi-Zij0WLxgW1Qjmw,Starbucks,Meridian,ID,4.5,16,"Food, Coffee & Tea"
K2CdyUamZALB_DXQT2iU_w,Starbucks,Sahuarita,AZ,3.0,16,"Food, Coffee & Tea"
p076WpKLPb0IDlo-6c39GQ,Starbucks,Land O' Lakes,FL,3.5,43,"Food, Coffee & Tea"
G4sLH98DHyejB5RcDljaFQ,Starbucks,Nashville,TN,3.5,49,"Restaurants, Food, Coffee & Tea"
lYPeTDK3fvOL1g5KPIvGCg,Starbucks,Indianapolis,IN,3.5,5,"Coffee & Tea, Food"
QO0ARm4gC4k5JQAWmtGMKw,Starbucks,Hendersonville,TN,3.5,12,"Food, Coffee & Tea"
xG5NtjLZ6S7KGBNFGDqoZw,Starbucks,Media,PA,3.0,31,"Coffee & Tea, Food"
8zBmf2sXiiCl1EuztLWNhQ,Starbucks,Clearwater,FL,3.5,42,"Food, Coffee & Tea"
37QpeBaevTiz0vC2unFT4g,Starbucks,St. Charles,MO,2.5,92,"Food, Coffee & Tea"
4g5Jkyj-bJdFuo7PkMhO_Q,Starbucks,Wilmington,DE,2.5,5,"Food, Coffee & Tea"
TFul4GrkKtL0TOkW6toYig,Starbucks,Burlington,NJ,2.5,8,"Food, Coffee & Tea"
ItgkjSjo5rXmnBH3Vww_Xg,Starbucks,Philadelphia,PA,3.0,47,"Coffee & Tea, Food"
0FzbiQyBnFnH1OkMol_mgQ,Starbucks,Philadelphia,PA,3.5,9,"Coffee & Tea, Food"
yBrK-DwpdbJY2F795ZStcw,Starbucks,Sparks,NV,3.0,55,"Food, Restaurants, Coffee & Tea"
EkYGO5eZJ9litEaBEx6w9w,Starbucks,Trinity,FL,3.5,11,"Food, Coffee & Tea"
icZ4cBKO1VvzWnQxgzejog,Starbucks,Clearwater,FL,2.0,52,"Food, Coffee & Tea"
enF3lioValNS3Bwic5nB6g,Starbucks,Edmonton,AB,3.5,9,"Coffee & Tea, Food"
ZoI1Nj3uoSper4l5q5nrng,Starbucks,Tampa,FL,3.5,36,"Restaurants, Coffee & Tea, Food"
VA3WTqU9b88Zgck34s-0sg,Starbucks,Smyrna,TN,3.0,79,"Coffee & Tea, Food"
a-dPw0ISYHoxMmWgd4mK-g,Starbucks,Philadelphia,PA,3.0,50,"Food, Coffee & Tea"
GF-GWt4zA4UbXCQIBdFSbw,Starbucks,Sherwood Park,AB,3.5,9,"Coffee & Tea, Food"
X_T1gP8z1f_sGNX7qV0PJw,Starbucks,Greenwood,IN,4.5,6,"Food, Coffee & Tea"
uzhiTCvVaK_0fZwa7rWDzw,Starbucks,Tucson,AZ,4.0,39,"Food, Coffee & Tea"
RHA7txgJwqFBMOdcGLS3AQ,Starbucks,Tampa,FL,2.5,50,"Coffee & Tea, Food"
xBFNCseDehGAf5D--HWG5w,Starbucks,Tucson,AZ,3.0,10,"Cafes, Restaurants, Food, Coffee & Tea"
kJFuE6u9eOsPlwgJdYabbQ,Starbucks,Lutz,FL,3.0,6,"Food, Coffee & Tea"
Ks3uMmqFr8b7RLsidq1g_w,Starbucks,St. Louis,MO,3.5,55,"Coffee & Tea, Food"
_lCaW3aU3yp-acJ8BnCLyQ,Starbucks,Tampa,FL,3.5,83,"Food, Coffee & Tea"
ZcwUOOhNNDyRrrq8_bx1gg,Starbucks,Tucson,AZ,4.0,22,"Food, Coffee & Tea, Restaurants"
K-jkw6HUZIGlBjOiYmvvsw,Starbucks,Nashville,TN,3.5,82,"Food, Coffee & Tea"
M1r6v01bF7GQFH30FTbyAg,Starbucks,Reno,NV,3.0,33,"Food, Coffee & Tea, Restaurants"
QrsgwJ2YG73Ry3byIcABVw,Starbucks,Fairview Heights,IL,2.0,8,"Food, Coffee & Tea"
k7AoT14yuZZ9fFUtGNZ_1A,Starbucks,Edmonton,AB,4.0,8,"Food, Coffee & Tea"
1QQTCX8HOdIiCkaGJzWFpg,Starbucks,Newark,DE,2.0,100,"Coffee & Tea, Food"
MeA_7cfxh9c7wczQHYQKeQ,Starbucks,Edmonton,AB,2.0,11,"Coffee & Tea, Food"
GsTHcKsO4c9ZnK0AdwfCpw,Starbucks,Greenville,DE,3.5,9,"Cafes, Coffee & Tea, Restaurants, Food, American (New)"
HlaqPcOkOb7AjLpYU5fsoA,Starbucks,Sahuarita,AZ,5.0,10,"Coffee & Tea, Food"
MnFKmuHLpv347qCAcxSPzA,Starbucks,Greenwood,IN,3.5,17,"Coffee & Tea, Food"
qNWKQTIiE3hxHrqE6itK-g,Starbucks,Tampa,FL,3.0,5,"Breakfast & Brunch, Restaurants, Coffee & Tea, Food"
ztcOE7NN0WdleNOCbje8ng,Starbucks,New Orleans,LA,2.5,15,"Bakeries, Bagels, Food, Coffee & Tea"
FYs3jIvpxRCeTHMn2nOWDQ,Starbucks,Reno,NV,5.0,5,"Coffee & Tea, Food"
Loa01TIJDtjQ4_UomBpbQA,Starbucks,Clearwater,FL,3.5,23,"Food, Coffee & Tea"
YOZWP7qlFpHn9rodJSFWDw,Starbucks,Palm Harbor,FL,3.0,31,"Food, Coffee & Tea"
4b8lGugmvF3ZavCy_3wcaA,Starbucks,Carmel,IN,4.5,22,"Food, Coffee & Tea"
G871bjv4Sr0CuxN2TgWcQw,Starbucks,West Chester,PA,2.5,11,"Food, Coffee & Tea"
T_bk3j3xvRWYpQ0YAgvhHg,Starbucks,Wilmington,DE,3.5,16,"Food, Coffee & Tea"
RfiyYH8ZEpHflMI9ZMJNGw,Starbucks,New Orleans,LA,4.0,6,"Food, Coffee & Tea"
3sMGEl72eiDbble1RO34ng,Starbucks,Springfield,PA,3.0,35,"Food, Coffee & Tea"
BYOcAamry9OCJ4vjbdmBYg,Starbucks,Fishers,IN,3.0,5,"Coffee & Tea, Food"
S2I4-Vjo6koQg-kiXwEkjg,Starbucks,Medford,NJ,3.0,20,"Restaurants, Food, Coffee & Tea"
IIcq73oEcm1u_SbXfkLObA,Starbucks,Tarpon Springs,FL,2.5,11,"Coffee & Tea, Food"
ubRXFSsER3_MYb4BmvvnLA,Starbucks,Tucson,AZ,4.0,38,"Food, Coffee & Tea"
OAdo3dcxGc9SHZN_QyMp5Q,Starbucks,Boise,ID,2.5,22,"Coffee & Tea, Food"
AXRSeJZfr9pi1wJQ61D4UQ,Starbucks,Philadelphia,PA,2.0,19,"Food, Coffee & Tea"
Oq6Pp80T0uLrdJH-XJAAzA,Starbucks,Oro Valley,AZ,2.5,40,"Food, Coffee & Tea, Restaurants"
i9ASBmmIJS3RjN_UP-TtKw,Starbucks,Santa Barbara,CA,3.0,40,"Restaurants, Food, Coffee & Tea"
QnVOsBJWKZ6nN79VbV6l2Q,Starbucks,Avon,IN,3.0,34,"Coffee & Tea, Food, Restaurants"
KRc2irAIY3pgGlV0p4znmQ,Starbucks,Cherry Hill,NJ,3.5,19,"Coffee & Tea, Food"
OOna4RpWG0AJghKOuVca1A,Starbucks,New Orleans,LA,2.5,14,"Food, Coffee & Tea"
DTb7jw-yK8w-kTgBhTQRvA,Starbucks,Palm Harbor,FL,3.0,47,"Coffee & Tea, Food, Restaurants"
-cDVG1zBZPBYU3TAoshgxw,Starbucks,Collegeville,PA,2.5,24,"Food, Coffee & Tea"
v4V3ZDGNae7vUAOfzDd3Og,Starbucks,Brentwood,TN,3.0,5,"Food, Coffee & Tea"
SbGlm_zejxo5hec2Kniojg,Starbucks,Saint Petersburg,FL,3.0,14,"Food, Coffee & Tea"
UFHelCWPQkhxOdFjx5Cgog,Starbucks,Indianapolis,IN,3.0,32,"Coffee & Tea, Food"
0TRot0XZXjzrWLWPn9ycmg,Starbucks,Pinellas Park,FL,2.5,58,"Coffee & Tea, Food"
zKC6BvDRMtwmtj2aNvIapQ,Starbucks,Eagle,ID,2.5,28,"Food, Coffee & Tea"
deAXOKrUqydpts6xcbhMwQ,Starbucks,Nashville,TN,2.0,31,"Coffee & Tea, Food"
6i2h2hYPEEG13A6mamsq9g,Starbucks,Philadelphia,PA,2.0,19,"Coffee & Tea, Food"
6JjUFam24kazPf29gR-ZfA,Starbucks,Tampa,FL,2.5,6,"Food, Coffee & Tea"
vp_hPIvAcUJ7xjuWxYLZAg,Starbucks,Indianapolis,IN,4.0,32,"Fast Food, Restaurants, Food, Coffee & Tea, Sandwiches"
V9BACxNu_td_DJY65gWwBQ,Starbucks,Indianapolis,IN,4.5,32,"Food, Coffee & Tea"
a8VS5iOxeEIv3JnUiQLF6w,Starbucks,New Orleans,LA,3.0,21,"Food, Coffee & Tea"
2785LQ3MgpXMgQRakACT3g,Starbucks,Brentwood,TN,3.0,45,"Food, Restaurants, Coffee & Tea"
BGLwAUo3603af9_Wd06PBw,Starbucks,Brentwood,TN,2.5,32,"Coffee & Tea, Food"
gUqEACZc9faE9beaANW9fg,Starbucks,Edmonton,AB,4.0,6,"Coffee & Tea, Restaurants, Sandwiches, Food, Cafes"
fSrv4o8kvmBFfd2MWnbsDA,Starbucks,Nashville,TN,3.0,13,"Food, Coffee & Tea"
Gstw7erE6199OMgsbFAqWA,Starbucks,Ballwin,MO,3.0,32,"Coffee & Tea, Food"
pTDG360oGFvWJV29BY0tSw,Starbucks,Brentwood,TN,4.5,5,"Coffee & Tea, Food"
ZvUymj1wUdQFbg71XrA0Lw,Starbucks,Pottstown,PA,3.5,13,"Food, Coffee & Tea"
h6fI6-2x0lDpiDZJ3lb0mg,Starbucks,Glen Mills,PA,3.5,26,"Food, Coffee & Tea, Restaurants"
ZDNPWWMny8RzZ9Wg27aMFQ,Starbucks,Indianapolis,IN,2.0,79,"Food, Coffee & Tea"
fZ2RkIwoDCcODCOyoBTplg,Starbucks,King of Prussia,PA,3.0,30,"Coffee & Tea, Food"
BO4SGeOWoFhnypKv9xvL6w,Starbucks,Harvey,LA,2.5,6,"Coffee & Tea, Food"
EEnFk6b4kuoc4q3hRb5Lcg,Starbucks,Moorestown,NJ,3.0,21,"Restaurants, Food, Coffee & Tea"
bsg8I5CyuHEEKcg3VSo7Pw,Starbucks,Arnold,MO,3.0,38,"Coffee & Tea, Food"
rHofsMAKj62iBE8x4iVCwg,Starbucks,Zionsville,IN,3.0,24,"Coffee & Tea, Food"
8YZc7dVxGjFvEyX0L9ugbA,Starbucks,Tampa,FL,2.0,9,"Food, Coffee & Tea"
IFmXNVC3Qj5ZXfAzczle_A,Starbucks,Saint Louis,MO,3.0,6,"Coffee & Tea, Food"
-FSNRWP_3twzsH-qliHcZQ,Starbucks,Philadelphia,PA,2.5,9,"Coffee & Tea, Food"
jgN86blLZPSuBh4ZeVeqMQ,Starbucks,Elverson,PA,2.5,13,"Coffee & Tea, Food"
8q1goL8IPTfNMdEPm5ssQA,Starbucks,Norristown,PA,3.5,26,"Restaurants, Coffee & Tea, Food"
6tgrhfz8XsTH2ItEShoohA,Starbucks,Philadelphia,PA,3.0,5,"Food, Coffee & Tea"
zXCB28oFHB3SFNPKIDpdfw,Starbucks,St. Louis,MO,3.5,22,"Food, Coffee & Tea"
IqocLKWSjSCCRakMon52dA,Starbucks,New Orleans,LA,2.5,33,"Restaurants, Coffee & Tea, Cafes, Food"
OED6sS03t872JCN5WK-TZw,Starbucks,New Orleans,LA,3.0,17,"Cafes, Coffee & Tea, Restaurants, Food"
jF5XeCVL6MrA2IcLIHy1JQ,Starbucks,Philadelphia,PA,3.5,24,"Coffee & Tea, Food"
mioOXRIczhdsavNtFjnnoA,Starbucks,Tucson,AZ,3.0,8,"Coffee & Tea, Food"
YwlhxsSsa5WcrR-_myL9qQ,Starbucks,Kirkwood,MO,3.5,22,"Food, Coffee & Tea, Restaurants"
xVbVhae2MfC_7-2bEAVg3w,Starbucks,Willow Grove,PA,2.0,27,"Coffee & Tea, Restaurants, Food"
Swk_Fdv-gRY8zUT2ft18Kg,Starbucks,Santa Barbara,CA,3.5,26,"Food, Coffee & Tea"
q6HaBDtVLApz8f2L9UluNA,Starbucks,Tucson,AZ,4.0,12,"Food, Coffee & Tea"
4zyj8kBZoMrwAJ1e68cEMQ,Starbucks,Tucson,AZ,2.0,8,"Coffee & Tea, Food"
awmy82IdpCC8xK56tO4IEw,Starbucks,Reno,NV,3.5,22,"Food, Coffee & Tea"
58Vd48_6D1Myd_M1xWepJg,Starbucks,Tampa,FL,4.0,31,"Coffee & Tea, Restaurants, Food"
x2ILIoH7NLPHuYKSItNPTw,Starbucks,Tucson,AZ,2.5,26,"Coffee & Tea, Food"
hr40aIHgfEGTuzhMxne3AA,Starbucks,St. Petersburg,FL,4.5,14,"Food, Coffee & Tea"
EAApVzr9Uib9rvDs67RsNA,Starbucks,Sparks,NV,3.0,50,"Food, Coffee & Tea"
OI_A8VRmMVxIq_ZeNaLVeg,Starbucks,Boise,ID,5.0,12,"Food, Coffee & Tea"
GfKb7u9KLgp6OExvIHf_Cw,Starbucks,Burlington,NJ,4.0,19,"Food, Coffee & Tea"
Mo09V4DcoZmhI4j7M_NCJw,Starbucks,Seminole,FL,3.0,19,"Coffee & Tea, Food"
SsB0kJpBhIDK8CrcRWXuYA,Starbucks,Brentwood,MO,3.0,50,"Coffee & Tea, Food"
C9C-JQOdb5iywv7MzBiUVw,Starbucks,Philadelphia,PA,3.0,10,"Coffee & Tea, Food"
5T9jV-wah1mHwKl-MQ5JmQ,Starbucks,Horsham,PA,3.5,32,"Food, Coffee & Tea"
1V1QNsvymonQTNjKVd2gQg,Starbucks,Seminole,FL,3.5,13,"Restaurants, Food, Bakeries, Coffee & Tea, Sandwiches"
StvwzSjNX5Aki0yBafTcmA,Starbucks,Yardley,PA,3.5,33,"Food, Coffee & Tea"
EM1P1u4ihl1Ritzm-P14iQ,Starbucks,Sparks,NV,4.0,49,"Coffee & Tea, Food"
yi1qt3cUK-RojZPXEjVFXQ,Starbucks,Reno,NV,3.5,50,"Coffee & Tea, Food"
dPIpO6HJ6OuHVvPqooW7IQ,Starbucks,Tampa,FL,2.0,27,"Coffee & Tea, Food, Coffee Roasteries"
ovC2avD35bouIDnxJfWHGQ,Starbucks,Clearwater,FL,3.5,52,"Coffee & Tea, Bakeries, Food"
Ulnv0kGvI1qHk9CY-0w4JA,Starbucks,Springfield,PA,2.0,12,"Coffee & Tea, Food"
dHYGLQkSxp8nFyzydmgeVw,Starbucks,St. Petersburg,FL,3.0,45,"Food, Coffee & Tea"
uvb3NcpqBEaCrrcyfNF-wA,Starbucks,Carpinteria,CA,2.5,81,"Restaurants, Coffee & Tea, Food"
iUhLGy41VYrLVAhJFH4x_w,Starbucks,Feasterville,PA,3.0,11,"Coffee & Tea, Food"
p9eonMRsRquzgmwIy0s9qA,Starbucks,King of Prussia,PA,2.5,71,"Food, Coffee & Tea, Restaurants"
pDInXOZ56x0oa4qI-YMSbA,Starbucks,Odessa,FL,4.0,41,"Coffee & Tea, Food"
Gn34llSvalq0_RNsZLCsfQ,Starbucks,Trevose,PA,2.5,59,"Food, Coffee & Tea"
UqM1RE0TsyeM-tdbqAmqfw,Starbucks,Meridian,ID,3.5,15,"Food, Coffee & Tea"
5QmWfGLN0E-cjfUs_Y3CDw,Starbucks,Lutz,FL,4.0,26,"Sandwiches, Salad, Food, Coffee & Tea, Restaurants"
LbbU2mJPRS3YjC5e_B7h5Q,Starbucks,Wilmington,DE,2.5,10,"Food, Coffee & Tea"
Flu8zFsJbX-mRw2yOFBC-w,Starbucks,Indianapolis,IN,3.5,24,"Food, Coffee & Tea"
0drpRPpYFGURvX_kbdPiCA,Starbucks,Tampa,FL,4.0,47,"Food, Coffee & Tea"
I_51fLQfEbrJoqLEDxssvQ,Starbucks,Edmonton,AB,4.0,15,"Food, Coffee & Tea"
PpL37OYAdmBxpmJoNNJQUQ,Starbucks,Ardmore,PA,3.5,28,"Restaurants, Food, Coffee & Tea"
UdJmsKwBvkHADwr8imRxNQ,Starbucks,Antioch,TN,3.0,23,"Restaurants, Food, Coffee & Tea"
36rXK3hy6OR0k-tMBf1Ltw,Starbucks,Philadelphia,PA,1.5,5,"Food, Coffee & Tea"
hGH63m6UmnruW3D-WNQ-xQ,Starbucks,Edmonton,AB,3.0,15,"Coffee & Tea, Food"
s6nOfGZJpkZ3JplCO9lGiA,Starbucks,Philadelphia,PA,4.0,57,"Coffee & Tea, Food"
-GJN01qCjGgnNBTbZexNpQ,Starbucks,Deptford,NJ,3.5,8,"Coffee & Tea, Food"
mqlriZ2dy-tf9-jtYRdRqw,Starbucks,Indianapolis,IN,3.5,48,"Food, Restaurants, Coffee & Tea"
pq7CAQGsxjaFcMLmhdbbvA,Starbucks,Edgmont,PA,4.0,18,"Coffee & Tea, Food"
oEcWJZDKjFbTXcOt4sqE1A,Starbucks,Langhorne,PA,3.0,13,"Food, Coffee & Tea"
kpRE7eYEYVEtnQOWHCf5ww,Starbucks,Edmonton,AB,3.0,9,"Coffee & Tea, Food"
IM-dIO1caJbMcmv6BbozNQ,Starbucks,Whitestown,IN,3.0,23,"Cafes, Food, Coffee & Tea, Restaurants"
XRmk-rUh2VknJs4tT7QB2A,Starbucks,Reno,NV,2.0,86,"Juice Bars & Smoothies, Bakeries, Coffee & Tea, Food"
lZym8zAzq0lWbQYaLVuBlw,Starbucks,Nashville,TN,2.0,36,"Coffee & Tea, Food, Coffee Roasteries"
naN3lrbHYjCTVZjBgFb53Q,Starbucks,Hazelwood,MO,3.5,25,"Coffee & Tea, Food"
SF35XOX6vmx_NMzoQ7RLkw,Starbucks,Sparks,NV,2.0,12,"Food, Coffee & Tea"
e-uW1RrJGc0XqB5_Q2HKBA,Starbucks,Clementon,NJ,3.0,32,"Food, Coffee & Tea"
Q1jnPDnpmUc6U6U_-wbgAw,Starbucks,St. Louis,MO,4.0,25,"Food, Restaurants, Coffee & Tea"
C6anLYmswoVwAv7D2ihCng,Starbucks,Tampa,FL,2.5,17,"Breakfast & Brunch, Internet Cafes, Restaurants, Coffee & Tea, Food"
7jNNSKeFFJGOz3oW4J0VuA,Starbucks,Hermitage,TN,3.5,65,"Food, Coffee & Tea"
oAyDxwEJ5pT-cCwNnc6dRQ,Starbucks,Tampa,FL,4.0,22,"Coffee & Tea, Cafes, Food, Restaurants"
VPZY6vzompsA69myzmQDgg,Starbucks,New Orleans,LA,2.0,7,"Bakeries, Food, Coffee & Tea"
sSB94mIBt36jdFdKisK8Sg,Starbucks,New Hope,PA,3.5,38,"Coffee & Tea, Food"
be_uy8EbtTcCtBVqTYMFrQ,Starbucks,Harahan,LA,2.5,68,"Coffee & Tea, Restaurants, Food"
kFSwmSUiHO4FEl33FdA_XA,Starbucks,St. Louis,MO,3.0,32,"Food, Coffee & Tea"
a7RobRBScR0SVQVMKwkJmw,Starbucks,Kenner,LA,4.0,30,"Coffee & Tea, Restaurants, Food"
soaZ7_oU7xcphlw6gpWblg,Starbucks,Santa Barbara,CA,3.0,47,"Food, Restaurants, Coffee & Tea"
UxtQd1lQ96W49oMaVVFunA,Starbucks,St. Louis,MO,3.0,35,"Restaurants, Food, Coffee & Tea, Cafes"
n8KfQqY4U2j8iZ4cjq8dPQ,Starbucks,Philadelphia,PA,2.5,17,"Coffee & Tea, Food"
s0fsISDcNrNSvGokGRjq3Q,Starbucks,New Orleans,LA,3.0,15,"Coffee & Tea, Food"
uVtTkB1EVevu-0EIQygVMg,Starbucks,Sparks,NV,3.0,41,"Coffee & Tea, Food"
1l6enor7mUQT7dyJ7WCa9A,Starbucks,Kennett Square,PA,3.5,24,"Food, Coffee & Tea"
r5sQtvsO4OVJgEH5H3uEAg,Starbucks,Santa Barbara,CA,2.5,73,"Food, Coffee & Tea"
WTrmBvsI65Zk5SvRweNZkw,Starbucks,Sparks,NV,2.5,12,"Restaurants, Food, Coffee & Tea"
M0oI1SxhPqoX7V0YGumP1A,Starbucks,Gallatin,TN,3.0,23,"Coffee & Tea, Food"
6D6QLWKg-pO5yl1u1k25ZQ,Starbucks,St. Petersburg,FL,3.5,29,"Food, Coffee & Tea"
PeDuQRFosh1DL10ayTVT_A,Starbucks,Cherry Hill,NJ,2.0,44,"Restaurants, Food, Coffee & Tea"
igQDFfrOhici5tlZ3JkNhg,Starbucks,Odessa,FL,5.0,11,"Food, Coffee & Tea"
ZzGTfIxIVpNP7PFbyeMAUw,Starbucks,Metairie,LA,2.0,13,"Food, Coffee & Tea"
nGOxr26XkyuUuihyK8RsXg,Starbucks,Chesterfield,MO,3.0,19,"Food, Coffee & Tea"
u-LC1VfzdpBHDNYr2H-Gxw,Starbucks,Broomall,PA,3.5,6,"Food, Coffee & Tea"
qnTszlGgzUBu44tdQR7QgQ,Starbucks,Tampa,FL,3.5,57,"Coffee & Tea, Restaurants, Food"
yGGaBvdHbzPCZCzR7s_uog,Starbucks,New Orleans,LA,3.0,64,"Coffee & Tea, Food, Restaurants"
WL0r9Hsb3Mnuvr4b4lKdCA,Starbucks,Paoli,PA,3.5,17,"Coffee & Tea, Restaurants, Food"
nN4-5uvtqTsBBI4Gsf8jcQ,Starbucks,Zionsville,IN,4.0,22,"Coffee & Tea, Food"
U6RX5K67l95kXzAnkmPesA,Starbucks,Turnersville,NJ,4.0,20,"Coffee & Tea, Bakeries, Food"
Y4Mo7G0PRyC-IJ0WSQCkOQ,Starbucks,Tampa,FL,3.0,35,"Coffee & Tea, Food, Restaurants, American (New)"
TSxF44padg6v9AxLJp-hag,Starbucks,Nashville,TN,3.0,44,"Coffee & Tea, Food"
-KdeX92-JV2K8GWbAxVj2w,Starbucks,Jenkintown,PA,2.5,43,"Restaurants, Coffee & Tea, Food"
h9LVl1yLP69rqWNmsGgALA,Starbucks,Sahuarita,AZ,2.5,11,"Food, Coffee & Tea"
PTn0hZz7BiP5T2muyoxrjQ,Starbucks,Philadelphia,PA,2.5,56,"Food, Coffee & Tea"
Bsq3-p3cDBi7bfgPDJq7aQ,Starbucks,Dunedin,FL,3.5,29,"Coffee & Tea, Food"
MX7qpwwwdBry69K-V4432w,Starbucks,West Chester,PA,3.0,17,"Food, Coffee & Tea, Cafes, Restaurants"
lIU2BU8iWOoXBXaxdy7V_w,Starbucks - Reno,Reno,NV,3.5,50,"Coffee & Tea, Food"
w7QQVFhjgkGi8AyGyPHRwQ,Starbucks,Tampa,FL,3.0,15,"Coffee & Tea, Food"
QS6fgF1QGHC9lABq8S395w,Starbucks,Tucson,AZ,3.5,44,"Coffee & Tea, Restaurants, Food"
YrCCOyNJt3qOi0cbX05Kjg,Starbucks,Brentwood,TN,2.0,82,"Coffee & Tea, Food"
6QVxSFKlw30xCyJaasql9g,Starbucks,Boise,ID,3.5,30,"Coffee & Tea, Bakeries, Food"
dBS571rwNf8V0tnz-ZKnqA,Starbucks,Tampa,FL,2.5,5,"Desserts, Coffee & Tea, Restaurants, Food, Breakfast & Brunch"
pKykk7lnD6Tf9wSzJYRyJA,Starbucks,New Orleans,LA,3.0,111,"Food, Coffee & Tea"
G-LyXtmdMt2t1IGHhCUKTA,Starbucks,Hendersonville,TN,3.5,12,"Coffee & Tea, Food"
JuWE5ywjzZetPaanM8QQfg,Starbucks,St. Louis,MO,3.0,16,"Coffee & Tea, Food"
s2F9H5wDvH3LJqBfThmflA,Starbucks,Franklin,TN,2.5,69,"Coffee & Tea, Restaurants, Food"
JyYT5phFLg3BESNL-WXf4Q,Starbucks,Creve Coeur,MO,3.0,68,"Restaurants, Food, Coffee & Tea"
tzSKydKgvXCDp2bzdynoLQ,Starbucks,Sparks,NV,2.5,7,"Food, Restaurants, Coffee & Tea"
NbzrpJu7222uqxNaf8zskg,Starbucks,Indianapolis,IN,3.5,33,"Food, Coffee & Tea"
2rnDTrLx9yiWnfDX2P3EFg,Starbucks,Havertown,PA,1.5,7,"Coffee & Tea, Food"
gUIZcY8jYpYNg00J3gQlpw,Starbucks,Brownsburg,IN,3.5,35,"Coffee & Tea, Food"
QQiFz7ZkslaoPUJKZGKOxw,Starbucks,Edmonton,AB,3.5,16,"Food, Coffee & Tea"
o3th9ES21lN4V97XwDa4eg,Starbucks,Tucson,AZ,4.0,13,"Coffee & Tea, Food"
R2d7A6pIadcVOPPHCpffrw,Starbucks,Franklin,TN,2.5,58,"Coffee & Tea, Food"
_tTKZJ89dS404ZEVnHa-Cw,Starbucks,Goleta,CA,2.5,75,"Food, Coffee & Tea"
aWxc9q4vhd-ajKeKTjHe6w,Starbucks,Boise,ID,3.5,10,"Coffee Roasteries, Coffee & Tea, Restaurants, Breakfast & Brunch, Food"
f22prjTaNUWwqvVsI4HWxQ,Starbucks,Philadelphia,PA,3.0,59,"Food, Coffee & Tea"
KIpghikMrBbxx75tx_ZJUw,Starbucks,Santa Barbara,CA,3.0,13,"Food, Coffee & Tea"
AAsbz_OrSLtSoQS0aEbkOg,Starbucks,Sunset Hills,MO,3.5,19,"Food, Coffee & Tea"
cCWoPtjDvx2SvwjYw5YAkg,Starbucks,Ambler,PA,4.0,8,"Restaurants, Coffee & Tea, Food"
TZw1VM4-B6HLS0ZPXs-hHQ,Starbucks,Metairie,LA,3.0,51,"Food, Coffee & Tea"
-xgWMTF_F8E85I_XImNEgg,Starbucks,Carmel,IN,2.5,15,"Coffee & Tea, Food"
KC49N2P4g9_EJ-NV7vE_8w,Starbucks,Tucson,AZ,3.5,46,"Coffee & Tea, Food"
_fwZODmzgXtnW7wAwqV3dg,Starbucks,Edmonton,AB,2.5,9,"Food, Coffee & Tea"
3L18kz_SjKpnvSwwsuDw4A,Starbucks,Edmonton,AB,3.5,9,"Food, Coffee & Tea"
Tn_mh2nvf6XXh9O6EN7QcA,Starbucks,Wilmington,DE,3.5,35,"Food, Coffee & Tea"
IKSpkuhsivnbvRPghFHARw,Starbucks,Largo,FL,3.5,29,"Restaurants, Food, Coffee & Tea, Cafes"
AKAt17U4LQtz_Ro4RoofjA,Starbucks,Brandon,FL,3.0,44,"Coffee & Tea, Food"
td1ykOOoMhGkW76D0N9dYw,Starbucks,Tampa,FL,4.5,31,"Food, Coffee & Tea, Restaurants"
sfOA8djNfmZqilSzTwi0SQ,Starbucks,Deptford,NJ,3.0,11,"Coffee & Tea, Food"
SVN5tqic3QoK1hhfPU4u4w,Starbucks,Brandon,FL,4.0,5,"Food, Coffee & Tea"
xlKnyisd_MiBpZIsESo0bA,Starbucks,St. Petersburg,FL,3.5,50,"Food, Coffee & Tea"
ivNaN2TmuoLKobiRHJCulg,Starbucks,Lutz,FL,2.0,19,"Coffee & Tea, Cafes, Restaurants, Food"
-Wd5KqFszREg0XdXfSv5tg,Starbucks,Nashville,TN,2.5,19,"Restaurants, Food, Coffee & Tea"
CHQDrpMa9AdL0M0vbZrOaQ,Starbucks,Indianapolis,IN,3.0,29,"Restaurants, Cafes, Food, Coffee & Tea"
E0EQvhXujng20fskiuZWBg,Starbucks,Sparks,NV,2.5,39,"Coffee & Tea, Food"
o_zQZbVFi665kqa_u2YoTQ,Starbucks,Edmonton,AB,3.5,14,"Coffee & Tea, Food"
n04MPaNrNSUJI_ogOfb3Ow,Starbucks,Tucson,AZ,3.0,6,"Food, Coffee & Tea"
N6qpuOBs3SE3wn9t0dRNIg,Starbucks,O'Fallon,IL,3.0,21,"Coffee & Tea, Food"
BfCTFKdKhdQ-N9k6ZuKb_w,Starbucks,Trinity,FL,3.0,25,"Food, Coffee & Tea"
IlJ34JsYt_A218sR8edxxQ,Starbucks,Tampa,FL,3.0,24,"Coffee & Tea, Food"
eZldAV-8VNSnrlbG270Wzg,Starbucks,Media,PA,2.5,23,"Food, Coffee & Tea"
XAAHadX1iU-ueAMPWZ--_A,Starbucks,Indianapolis,IN,3.0,37,"Coffee & Tea, Food"
n_wXu0dBd7hoBeMgMgQl0g,Starbucks,Nashville,TN,3.5,83,"Coffee & Tea, Food"
fM8ZCk2SlMu--joYJQ3EQA,Starbucks,St. Petersburg,FL,3.0,15,"Cafes, Coffee & Tea, Food, Restaurants"
eLcW0vn5Nu8yTS_ebV6a7g,Starbucks,Paoli,PA,3.5,33,"Coffee & Tea, Food"
lndVYqfCgFfclrmo2BN6LA,Starbucks,Nashville,TN,3.0,40,"Coffee & Tea, Food, Restaurants"
fgDaZkRNZbxdXzsj04xa3A,Starbucks,Tucson,AZ,4.0,21,"Food, Coffee & Tea"
LnnWq5-4pTnBn96E3lQygw,Starbucks,Philadelphia,PA,2.0,7,"Coffee & Tea, Cafes, Restaurants, Food"
CV2NybLmtkyegVvoZ-Ncgw,Starbucks,Vail,AZ,3.5,6,"Food, Coffee & Tea"
qD2fr80U04Fk-Ctx0H_vtg,Starbucks,Richmond Heights,MO,4.0,19,"Coffee & Tea, Food"
PGCWN8JYSFoNAOqIFwTJUA,Starbucks,Tucson,AZ,3.5,30,"Coffee & Tea, Food"
2rmpfdyV2POqpXtmPHO_IQ,Starbucks,Tucson,AZ,2.5,27,"Coffee & Tea, Food"
Ddg-J_j0YFErk7wpMtH_0A,Starbucks,Reno,NV,3.0,67,"Food, Coffee & Tea, Coffee Roasteries"
Xr5ceZ5Gq7cc8YuyLYz2bA,Starbucks,Indianapolis,IN,4.0,26,"Coffee & Tea, Food, Restaurants"
Zq4zFbPCaU_vFw4-DAuwzw,Starbucks,Dresher,PA,3.0,39,"Food, Coffee & Tea"
GEtK2S6zALXgsjKjK3abJw,Starbucks,Philadelphia,PA,3.0,7,"Coffee & Tea, Food"
Q1LaiKr2C-7avZuCXO-VWA,Starbucks,Madison,TN,2.5,57,"Coffee & Tea, Food"
eaKqicXSSjHstoGm6FQ_NQ,Starbucks,Meridian,ID,3.5,19,"Coffee & Tea, Food"
gJLJgXz_1pjnDuHfuni1jA,Starbucks,Philadelphia,PA,2.0,11,"Coffee & Tea, Food"
dmyPzMRNgTIOBRT11NFcvg,Starbucks,Philadelphia,PA,4.0,11,"Restaurants, Food, Coffee & Tea, Bakeries, Fast Food"
KnWJ1iJWZ_tbQNlXDFtVwA,Starbucks,Newtown,PA,3.5,52,"Coffee & Tea, Food, Restaurants"
MJDsMlul6Nd7nQd-xQE7Pg,Starbucks,Huntingdon Valley,PA,2.5,42,"Coffee & Tea, Food"
WO0XzkChXtlYjzXSl4My8g,Starbucks,Indianapolis,IN,4.0,33,"Food, Coffee & Tea"
lAB_RLlu9Xwo1jZ77c4Wsw,Starbucks,Franklin,TN,3.5,16,"Food, Coffee & Tea"
RXhvlDppMyw6vhTxQX5kSw,Starbucks,Indianapolis,IN,5.0,8,"Restaurants, Sandwiches, Bakeries, Coffee & Tea, Food"
F4Pk3sNtkPCYLColKYpuwQ,Starbucks,Tucson,AZ,3.0,29,"Coffee & Tea, Food"
Ag_GeZwOrT0nmyhnKQiVBA,Starbucks,Philadelphia,PA,3.0,46,"Restaurants, Coffee & Tea, Food"
lZkp51ME2iBdQbhF4QrpuA,Starbucks,Safety Harbor,FL,3.5,38,"Food, Coffee & Tea"
Thksu3pRk_QKFmKYa23mow,Starbucks,Reno,NV,3.0,97,"Coffee & Tea, Food"
xqWUMFEEbQla7B8lbUTrlA,Starbucks,Evesham,NJ,3.0,39,"Coffee & Tea, Restaurants, Religious Organizations, Food"
wmKvuZUKr-Ia8rfOMsFCHA,Starbucks,St. Louis,MO,3.5,13,"Bakeries, Food, Coffee & Tea, Cafes, Restaurants"
IefEo5kZdwR647j8WBUozg,Starbucks,Philadelphia,PA,2.0,9,"Coffee & Tea, Food"
9_uigKs9GCwg9dFKkq_Kfg,Starbucks,Santa Barbara,CA,2.5,74,"Food, Coffee & Tea"
bZVx5Tz4Bvlx6Gsqg995WA,Starbucks,Greenwood,IN,3.0,38,"Food, Coffee & Tea"
UDbFes4IAGEL9C2rbPeUKg,Starbucks,Tampa,FL,4.5,6,"Coffee & Tea, Food"
amnKFpOOoMHgGEW1xinIDg,Starbucks,Avon,IN,3.5,17,"Food, Coffee & Tea"
JlxvJPucR0TygeXiIYtrBg,Starbucks,Carmel,IN,3.5,36,"Food, Coffee & Tea"
eO47HI7ZqidXMkHyaOsf-g,Starbucks,Reno,NV,4.0,34,"Coffee & Tea, Food"
kxtftrW1gCGAOFufGLv4hg,Starbucks - Maryland Heights,Maryland Heights,MO,3.5,12,"Food, Coffee & Tea"
Dl87vbrc0W-NKaOKXm2Bgw,Starbucks,Tucson,AZ,3.5,6,"Coffee & Tea, Food"
CzoyGCILGH7vp2esOCutdA,Starbucks,Tucson,AZ,4.0,7,"Coffee & Tea, Food"
FozqhmYlHTylkb-Vl-GrpA,Starbucks,Tucson,AZ,3.5,38,"Coffee & Tea, Food"
Ttg0xnJpjDTlVDKC5iBbdA,Starbucks,Sicklerville,NJ,3.0,41,"Coffee & Tea, Food"
0vlisQJ0jKFB16KYi_q3LA,Starbucks,Boise,ID,3.0,22,"Food, Coffee & Tea, Restaurants"
urEO2v7ydkJ-j9tUUmXpZQ,Starbucks,Goleta,CA,1.5,7,"Coffee & Tea, Food"
ouXwzUhtm3hnVUo79IebLw,Starbucks,Tucson,AZ,3.0,58,"Food, Coffee & Tea, Bakeries"
GxuxCctcz3Hyk0wnuly7vQ,Starbucks,Tucson,AZ,3.5,45,"Food, Coffee & Tea"
-85kJMtb9wqNWDT8yLbitw,Starbucks,Franklin,TN,3.5,34,"Food, Coffee & Tea"
WLkrmAiAtVRMgSQkVIFV6g,Starbucks,Reno,NV,2.5,17,"Food, Coffee & Tea"
D8In3wk8UIf-d748UqfaiA,Starbucks,Wesley Chapel,FL,3.0,28,"Coffee & Tea, Food"
H-6Obgfximh5vDpgWGlHlg,Starbucks,Montgomeryville,PA,3.0,53,"Food, Restaurants, Coffee & Tea"
r0LJJomHdpbmb8RkxtsbZQ,Starbucks,Sherwood Park,AB,2.0,7,"Coffee & Tea, Food"
IkjBNJvMZhea1c3j2H2Ahw,Starbucks,St. Louis,MO,3.5,31,"Food, Coffee & Tea"
VFrmNGmPK-8UsDAXlxX-CQ,Starbucks,Warrington,PA,3.0,32,"Food, Coffee & Tea"
GcKHHOs_LaI9uHh_NKJQDg,Starbucks,Wayne,PA,4.0,18,"Coffee & Tea, Food"
qu84rS2gClt1MeSb99CrKg,Starbucks,St. Louis,MO,2.0,8,"Coffee & Tea, Food"
pM1M2A14mNXz48KCcQtz2w,Starbucks,Philadelphia,PA,3.0,17,"Food, Coffee & Tea"
K_kRU8j8th6yBeLbI94pJQ,Starbucks,Tucson,AZ,3.5,9,"Coffee & Tea, Food"
2f1ZnZg7730yChhV24ARJw,Starbucks,Indianapolis,IN,3.5,44,"Coffee & Tea, Food"
_oJ5QA131I_XnyaXAa8nsA,Starbucks,Indianapolis,IN,2.5,7,"Food, Coffee & Tea"
AM7O0cwkxm6w_e0Q7-f9FQ,Starbucks,Indianapolis,IN,4.0,29,"Food, Coffee & Tea"
